{"chc_total": [18.699967226305123, 62.02457629356521, 35.85740713910274, 11.372043007296687, 48.16589686251647, 8.31598793923692, 11.620943583143813, 45.68206738992948, 8.987373546127516, 11.849132199442243, 35.90464976682599, 18.076731074577747, 13.586794635714654, 17.375018071983856, 13.56140424657614, 16.616235745998765, 54.44603618450726, 33.794594535314964, 30.966278653076632, 26.697359193316505, 31.512439039151236, 10.68074998430125, 11.1809259034262, 17.721349019485693, 33.15568475956945, 108.74823231046298, 10.416373267056896, 38.63668872818632, 8.035377343701944, 47.88382733287099, 12.137508438887124, 13.092351124359164, 15.78284526353576, 55.731372383365255, 10.231490815222584, 13.922471531334784, 17.126845922871134, 21.920302092730008, 38.98649788461686, 40.068749946832945, 13.292936054370804, 11.124088324628184, 8.5410923914089, 27.12793238065657, 26.75312926412515, 13.952774737152277, 23.03800506204044, 13.22802171162366, 22.915042806357267, 31.883693147105976, 38.79911250618364, 62.9445749505939, 26.8100475830712, 103.97364535864024, 17.886910128911385, 61.11564186594381, 12.60392491216343, 13.729459013870569, 9.338106157332733, 26.20499058694705, 34.34601027858374, 17.37454438943615, 11.589315073292981, 10.327090130804221, 10.434858725519389, 18.920769714890618, 10.900629701057872, 19.4010089945636, 24.102691371477352, 11.828626853356875, 25.91945810121342, 16.856736022110805, 18.85993977244017, 16.782297401339527, 17.191052998020993, 57.75042461578038, 13.517546136003935, 11.50030569044109, 14.151088751740204, 15.540544697937433, 34.99749860967666, 13.12072223216149, 3.8711710240591564, 76.74833384118863, 25.9424183979442, 12.368535171263263, 33.02758642495758, 10.532595893947748, 72.74209625176472, 19.322339826982184, 28.03844436601889, 23.59589130415434, 27.787259104613355, 31.6911883088556, 20.242484540206345, 26.73777813873451, 22.54773678891222, 41.09521106155356, 13.703631693689147, 32.74581806709993], "path_lengths": [3.883836518053128, 4.3475100322127105, 2.557601113675073, 3.4390209856576397, 4.78396775940601, 3.9787252453656614, 3.9329414920025965, 3.984913464242314, 4.043917639604142, 4.223663511050135, 4.02176204652428, 4.169888745849274, 4.356661967675319, 4.07471166545324, 4.146386282099141, 4.528372745256764, 3.837775444765267, 3.6213839785567354, 4.827091069540104, 2.44713102802583, 4.107530026612839, 4.139060517711152, 4.362645262571809, 4.686377484826535, 3.7284834434227583, 4.422198445359591, 3.982819001492242, 3.6919849524074686, 3.6003392655793043, 4.496600393679125, 4.3814944946058985, 3.500521292961596, 3.5475662830686843, 4.016797056542442, 3.4481965283200893, 4.159907273765513, 4.57590699283547, 4.325436874772238, 3.501312555759967, 4.483896635300713, 4.480057553094574, 4.263418033122716, 3.7281407251710057, 4.373063591028187, 3.7686592509509658, 4.166716642935113, 4.411920375031975, 4.114174488049348, 2.3148365533329445, 4.531309230202916, 4.150434671620884, 4.389144474987048, 4.532772428747258, 4.4246772385021815, 4.350994435993225, 3.8777828582695206, 4.078950725240618, 3.8683777854970756, 4.43830904215201, 3.829312983748127, 3.8085070098695204, 4.053146180838495, 4.1213372431685125, 4.3057198557015814, 4.079007749616035, 3.9803285588129125, 3.9510286181998855, 4.2372632952951195, 4.294008952254528, 4.084159124247258, 3.8307290898098962, 4.314036389341044, 2.170659741112211, 4.069064365738147, 3.538217231599159, 3.673777529092827, 4.104504042209601, 4.01122224627183, 4.0516051090587695, 3.9497325869276616, 4.340462125503521, 4.006281137796394, 1.6936298719036706, 4.281391682051996, 4.018635887608329, 4.270994714689942, 3.718738950176365, 4.073842917468803, 4.222924305182282, 3.850324393417422, 3.852977520460511, 4.25442976200644, 4.425446119772005, 3.8164913848057114, 3.8669294087010138, 4.10819590347057, 3.8865314907774757, 4.444681438400961, 4.124526942406956, 4.1557411455015245], "episode_rewards": [9.73990114808877, 8.944337692514564, 0.0, 9.469172557306747, 9.018937531026177, 9.875284115797028, 9.823537135154965, 8.671277116216004, 10.0, 8.833924228151265, 8.666257646173046, 9.976004826649929, 8.406466622030406, 9.99283610538507, 9.91109085283033, 10.0, 9.538354733521828, -10.993128917491585, 9.830219895647788, -10.67555998237627, 9.98550349911352, 10.0, 8.923157853193725, 10.0, 9.90929352970011, 8.619713606994678, 10.0, 9.760875026509249, 9.800437592126627, 10.0, 10.0, -11.2407734318234, 9.449188740148786, 9.508750599374283, 9.518119871397595, 9.937209123007797, 10.0, 7.915680251092395, -10.64804214382188, 9.76188939237672, 9.897893356709133, 8.187134192791634, 9.126866212124986, 10.0, 9.885907730159332, 10.0, 9.629676035813226, 9.989889836353308, -10.621822767453954, 9.15898195193113, 9.539095331734238, 8.330930069520113, 8.965750011808765, 8.183269725968252, 9.796131770586596, 9.87276237016282, 10.0, 9.383695662850732, 9.856204093353968, 9.126777879554155, 9.362271279338763, 9.176157294189222, 9.669188401871185, 9.748692907159912, 9.679980468613877, 8.229195263857573, 9.819970141474453, 8.623665350753823, 9.840274998172658, 10.0, 8.54867681178973, 9.486719798091134, -0.8470697350794274, 9.67971975292895, 10.0, 10.0, 10.0, 8.779848621171638, 10.0, 8.122392651220007, 9.961694150771246, 10.0, -10.398358729849116, 9.371547226415469, 9.712277675562113, 10.0, 9.102538306983934, 10.0, 9.846421820706937, 10.0, 8.160730563059674, 9.258570904875759, 10.0, 9.957265239059847, 9.150941866117503, 9.659644826078623, 9.894064327289431, 9.814871912782372, 10.0, 9.820039574567543], "wnum_rews": [0.0, 0.0, 0.0, 0.0, 0.0, 0.0, 0.0, 0.0, 0.0, 0.0, 0.0, 0.0, 0.0, 0.0, 0.0, 0.0, 0.0, 0.0, 0.0, 0.0, 0.0, 0.0, 0.0, 0.0, 0.0, 0.0, 0.0, 0.0, 0.0, 0.0, 0.0, 0.0, 0.0, 0.0, 0.0, 0.0, 0.0, 0.0, 0.0, 0.0, 0.0, 0.0, 0.0, 0.0, 0.0, 0.0, 0.0, 0.0, 0.0, 0.0, 0.0, 0.0, 0.0, 0.0, 0.0, 0.0, 0.0, 0.0, 0.0, 0.0, 0.0, 0.0, 0.0, 0.0, 0.0, 0.0, 0.0, 0.0, 0.0, 0.0, 0.0, 0.0, 0.0, 0.0, 0.0, 0.0, 0.0, 0.0, 0.0, 0.0, 0.0, 0.0, 0.0, 0.0, 0.0, 0.0, 0.0, 0.0, 0.0, 0.0, 0.0, 0.0, 0.0, 0.0, 0.0, 0.0, 0.0, 0.0, 0.0, 0.0], "w_pers": [NaN, NaN, NaN, NaN, NaN, NaN, NaN, NaN, NaN, NaN, NaN, NaN, NaN, NaN, NaN, NaN, NaN, NaN, NaN, NaN, NaN, NaN, NaN, NaN, NaN, NaN, NaN, NaN, NaN, NaN, NaN, NaN, NaN, NaN, NaN, NaN, NaN, NaN, NaN, NaN, NaN, NaN, NaN, NaN, NaN, NaN, NaN, NaN, NaN, NaN, NaN, NaN, NaN, NaN, NaN, NaN, NaN, NaN, NaN, NaN, NaN, NaN, NaN, NaN, NaN, NaN, NaN, NaN, NaN, NaN, NaN, NaN, NaN, NaN, NaN, NaN, NaN, NaN, NaN, NaN, NaN, NaN, NaN, NaN, NaN, NaN, NaN, NaN, NaN, NaN, NaN, NaN, NaN, NaN, NaN, NaN, NaN, NaN, NaN, NaN],