{"chc_total": [16.89870551606339, 55.612966033992166, 26.429514820775964, 10.78674522774069, 24.83727741336688, 14.086670351259277, 10.079251505402738, 36.45496893592583, 11.762324683212277, 14.879823601702585, 45.5801680323434, 97.89109632819407, 18.439030067058695, 24.57148546010012, 16.863902698515677, 14.226502872447696, 11.219318179187143, 261.1871805425069, 20.910080159323154, 22.57489921661589, 37.03859364541402, 10.523118557908028, 18.04623421109382, 12.407298536367714, 11.996803738265868, 149.20959823843188, 11.721349863879192, 20.154512605725483, 10.286154725999817, 44.99066325427674, 16.47441535811338, 85.12613997697248, 19.425545562007468, 49.26226903632956, 23.831454444175808, 10.975120302676851, 16.65553471083511, 35.52607791907943, 36.58008466000365, 14.774276335306602, 14.313373185434164, 14.258224410711087, 8.890616726259204, 51.47864537854716, 24.576047454196328, 18.706019589562473, 25.765266812566733, 9.897687086514798, 29.25582644679463, 15.931979798763157, 28.43873058974025, 14.282274853541736, 23.10440254969413, 106.53212693933806, 13.340346708663366, 125.95651377857791, 9.314260833199228, 39.670958474687346, 10.950848222416928, 14.507006925801628, 136.8382035676757, 56.870935700038025, 10.432582357763607, 13.085272860341723, 13.0517437910459, 49.299520461211706, 12.742401727142209, 28.875779469000943, 13.31561499104552, 14.403763931759057, 49.97176694945142, 47.41785993673003, 11.340770295083082, 37.025228261869294, 12.938085889811264, 20.99108358043686, 17.174378852693284, 15.825325414588079, 20.60799167117821, 26.05817863217558, 18.284174710582167, 11.406752834765555, 19.134190165365393, 39.8889847623166, 21.24779226980427, 20.114907268777777, 32.17633612533297, 16.99893245629346, 32.87285806225828, 105.14681191280427, 19.708272178661655, 16.772949506537795, 15.734196500898435, 12.885362389419413, 25.459506057544314, 14.994184413339363, 46.12551547525633, 16.83295176271434, 15.006479037339815, 19.573652476475175], "path_lengths": [3.963462255076525, 4.5729524076926085, 4.558945787671618, 3.5945192263127494, 4.903144801051446, 4.026004925186373, 3.9543871812773084, 4.067973112746061, 4.216495322311638, 4.340247683202208, 4.0218452454563005, 4.537482234458927, 4.484206554085677, 4.186518211870468, 4.220728623891027, 4.558828640052734, 3.828278970920032, 4.380927909935026, 4.911888558267354, 3.968493543620031, 4.17252788989596, 4.2361179680947405, 4.456140013717511, 4.715575646180283, 3.7579573403303415, 4.521056789126412, 4.035855420034042, 3.733040087633795, 3.618294317467395, 4.548467131854454, 4.435857346243089, 4.495984159818797, 3.660686989568399, 4.089619911605767, 3.449608246667952, 4.199761148615748, 4.631631692728852, 4.41463881078952, 4.022683813187126, 4.343099116071598, 4.564708173911928, 4.355005643294106, 3.7918746272978985, 4.493075689532621, 3.844998993264246, 4.278380132469758, 4.570418603404505, 4.19063308872226, 4.109824524476127, 4.615497408079797, 4.1720349798353835, 4.2787603525557865, 4.751716007053855, 4.666713774339961, 4.428896012111358, 3.985655132960796, 4.119460225105388, 4.08946586530866, 4.478453287179814, 3.8988987434957223, 4.188743426244394, 4.256682424227699, 4.148533697140126, 4.370120900500148, 4.112587786053388, 4.325622853601157, 4.033554066534261, 4.560876706626933, 4.407533142687517, 4.268361085542706, 3.9691086300988982, 4.556358081758601, 4.567356741602729, 4.148760782167661, 3.6242187317459513, 3.705600524121665, 4.12868687340275, 4.08748494518414, 4.107774316124159, 4.19145444559345, 4.3384043949942885, 4.099909048212146, 3.9209958705573436, 4.1931160020496465, 4.0960468486005, 4.360721061347405, 3.7853904610931544, 4.20993956659752, 4.3889434374263425, 4.087463683671827, 3.83193811117451, 4.290289536803969, 4.495566362831631, 3.826826726824993, 3.8987656710608456, 4.212804033342686, 4.08639292750366, 4.473148588793042, 4.165044793012409, 4.2798038096492474], "episode_rewards": [10.0, 10.0, 10.0, 10.0, 10.0, 10.0, 10.0, 10.0, 10.0, 10.0, 10.0, 9.927235762184834, 10.0, 10.0, 10.0, 10.0, 10.0, 9.902832142560012, 10.0, 10.0, 10.0, 10.0, 9.982963572060163, 10.0, 10.0, 10.0, 10.0, 10.0, 10.0, 10.0, 10.0, 9.824582690592134, 10.0, 10.0, 10.0, 10.0, 10.0, 10.0, 10.0, 10.0, 10.0, 10.0, 10.0, 10.0, 10.0, 10.0, 10.0, 10.0, 10.0, 10.0, 10.0, 10.0, 10.0, 10.0, 10.0, 10.0, 10.0, 10.0, 10.0, 10.0, 10.0, 10.0, 10.0, 10.0, 10.0, 10.0, 10.0, 10.0, 10.0, 10.0, 9.921462687787049, 10.0, 10.0, 10.0, 10.0, 10.0, 10.0, 10.0, 10.0, 10.0, 10.0, 10.0, 9.913081059909478, 10.0, 10.0, 10.0, 10.0, 10.0, 10.0, 10.0, 10.0, 10.0, 10.0, 10.0, 10.0, 10.0, 10.0, 10.0, 10.0, 10.0], "wnum_rews": [0.0, 0.0, 0.0, 0.0, 0.0, 0.0, 0.0, 0.0, 0.0, 0.0, 0.0, 0.0, 0.0, 0.0, 0.0, 0.0, 0.0, 0.0, 0.0, 0.0, 0.0, 0.0, 0.0, 0.0, 0.0, 0.0, 0.0, 0.0, 0.0, 0.0, 0.0, 0.0, 0.0, 0.0, 0.0, 0.0, 0.0, 0.0, 0.0, 0.0, 0.0, 0.0, 0.0, 0.0, 0.0, 0.0, 0.0, 0.0, 0.0, 0.0, 0.0, 0.0, 0.0, 0.0, 0.0, 0.0, 0.0, 0.0, 0.0, 0.0, 0.0, 0.0, 0.0, 0.0, 0.0, 0.0, 0.0, 0.0, 0.0, 0.0, 0.0, 0.0, 0.0, 0.0, 0.0, 0.0, 0.0, 0.0, 0.0, 0.0, 0.0, 0.0, 0.0, 0.0, 0.0, 0.0, 0.0, 0.0, 0.0, 0.0, 0.0, 0.0, 0.0, 0.0, 0.0, 0.0, 0.0, 0.0, 0.0, 0.0], "w_pers": [NaN, NaN, NaN, NaN, NaN, NaN, NaN, NaN, NaN, NaN, NaN, NaN, NaN, NaN, NaN, NaN, NaN, NaN, NaN, NaN, NaN, NaN, NaN, NaN, NaN, NaN, NaN, NaN, NaN, NaN, NaN, NaN, NaN, NaN, NaN, NaN, NaN, NaN, NaN, NaN, NaN, NaN, NaN, NaN, NaN, NaN, NaN, NaN, NaN, NaN, NaN, NaN, NaN, NaN, NaN, NaN, NaN, NaN, NaN, NaN, NaN, NaN, NaN, NaN, NaN, NaN, NaN, NaN, NaN, NaN, NaN, NaN, NaN, NaN, NaN, NaN, NaN, NaN, NaN, NaN, NaN, NaN, NaN, NaN, NaN, NaN, NaN, NaN, NaN, NaN, NaN, NaN, NaN, NaN, NaN, NaN, NaN, NaN, NaN, NaN],