{"chc_total": [7.558770172957781, 8.487710553437811, 69.5065048962371, 10.094704662782958, 8.17366267890844, 7.276808629693711, 8.681361202459067, 9.250787343137, 11.820629939037643, 8.509549336964831, 8.394835974044417, 9.10339599764138, 11.338338281162178, 5.606375274023958, 11.32020903033826, 9.780256572830986, 22.383384167914656, 5.062808989606335, 8.93106636358832, 6.698429405548988, 5.565323522712064, 6.76966123046644, 7.930450965597615, 4.52518281066921, 12.800824692562601, 5.805737680705032, 9.05167735856175, 8.850628648750112, 8.04691334816676, 11.748181698477774, 16.73247590618079, 7.218737902769736, 11.123851505150988, 6.273720028705525, 7.490386853844935, 5.402445791134532, 8.788541590696624, 10.656082092781366, 22.839785006378822, 7.146178381378714, 16.286423809947653, 10.033445191823398, 10.220141789436115, 44.038642824684665, 12.752467493092517, 20.642243398761778, 7.690554421987656, 6.445899143450643, 10.272560376255894, 5.570103743022905, 8.68495342612322, 7.077662052965793, 12.025567181530832, 9.32673397908092, 20.339904929861454, 5.467171850015423, 12.710485108694307, 14.227419025128833, 10.370887554989842, 31.139220656843822, 14.55232438135635, 15.55727743424093, 14.877584680847137, 7.442341765906519, 6.399725644758791, 13.241815103708054, 11.521964568088203, 36.834031513163616, 6.971282013478244, 8.66457896623626, 11.887553111872004, 8.092220049704297, 13.23052883538094, 8.450104275582207, 11.390527795394192, 8.615896367707272, 13.60888155592871, 6.090884879076708, 9.600538358678504, 10.095232768463012, 4.884436329738782, 29.21351635764765, 16.164580214346984, 29.72609998320638, 10.576322831451975, 15.961003953863242, 7.010167548942355, 16.045448235764415, 20.740407655505606, 9.868095931037209, 22.47819288123061, 12.668677776678242, 8.518464809616082, 4.757946257653745, 7.3274905762882225, 9.057253950479852, 6.304552260994622, 65.5130866314746, 8.54576447890707, 9.483142941791717], "path_lengths": [1.9092377818467445, 2.1985335790160145, 3.3394374210896274, 1.7430020727242936, 3.2283458153819407, 1.3072021560354623, 1.8285339578746511, 2.878986634788666, 3.377409022314667, 1.8984780980950795, 2.586554521820157, 2.8026191484528113, 2.325315261363788, 2.2200633792043676, 1.2433637419240215, 3.3619523414716688, 2.9837637392222525, 0.6257440584456709, 2.7133797338913497, 2.5529612568492905, 2.005425309331686, 2.5113199183807846, 2.1987515609478696, 2.0200137865087813, 2.8735084145920164, 1.1164517845963744, 2.0852261647167327, 2.5425878913419035, 2.9381417793366875, 3.3733727183489925, 1.8773233810191134, 2.8056559217063257, 1.836866195931646, 1.429403393756498, 3.0667417089002136, 2.3286467757372145, 1.8110879255507397, 2.303269467083917, 1.3769336142594202, 2.5759776714298206, 2.4487633969905915, 1.1101458751951672, 3.512642178817702, 1.8408017810801536, 2.14614642428097, 2.7183657033776423, 2.2663240614247493, 3.1874073939080017, 2.8849104432739554, 1.3585035954029718, 1.836862567246821, 2.5536593881970706, 3.104744734186198, 2.041711530879808, 2.5972916646542075, 0.920701279202047, 2.483706270965778, 0.9670008927433971, 3.514121359952705, 3.4353123397111833, 3.3418841338353715, 3.3055965060715806, 1.3212266797218148, 2.0065768191018143, 2.7361485956874803, 3.189512618989479, 1.8295525480540273, 2.3728260958252663, 3.4589814117548676, 2.70254059428864, 2.3754535221693303, 2.2816497388744015, 2.4638418068222925, 2.987107022282821, 3.164422546233714, 1.3359815646132949, 3.8851279108825083, 2.4090896937327337, 3.5017329480049053, 2.6609117303821552, 0.993688228288951, 2.834990996837791, 2.0982239784840484, 4.2240188217572445, 2.551289649368238, 3.4370282802392267, 1.9283604702860184, 4.000068482198351, 1.2036664086545266, 1.4271996668084108, 3.0094124531818545, 1.7178682259260671, 2.661628677288911, 1.5113858276969616, 3.048934952986422, 2.070445435039702, 2.338235702583128, 2.0273192645036358, 2.380523542088121, 2.147798753054093], "episode_rewards": [10.0, 10.0, 10.0, 10.0, 9.756722000627633, 10.0, 10.0, 10.0, 9.486778939847419, 9.871192324510382, 10.0, 10.0, 10.0, 10.0, 10.0, 10.0, 8.236723130999081, 10.0, 10.0, 8.403739963181762, 10.0, 10.0, 10.0, 10.0, 9.483832009820349, 10.0, 10.0, 10.0, 10.0, 10.0, 10.0, 9.966601676504222, 10.0, 10.0, 9.802418089216518, 9.389102458202828, 10.0, 9.954791238590632, 9.988817987468135, 10.0, 10.0, 10.0, 10.0, 10.0, 10.0, 9.877193850580525, 10.0, 8.689456871881402, 10.0, 10.0, 10.0, 10.0, 8.844034425986846, 10.0, 10.0, 10.0, 10.0, -0.4279928244553717, 10.0, 9.663320909643874, 10.0, 10.0, 10.0, 10.0, 10.0, 10.0, 10.0, 10.0, 10.0, 10.0, 10.0, 9.930380799399487, 10.0, 10.0, 10.0, 10.0, 10.0, 10.0, 10.0, 10.0, 10.0, 10.0, 10.0, 9.687607445771723, 10.0, 10.0, 10.0, 9.141441277546203, 10.0, 10.0, 10.0, 10.0, 10.0, 10.0, 9.712555455978052, 10.0, 10.0, 9.869690663439338, 9.086209065705189, 10.0], "wnum_rews": [0.0, 0.0, 0.0, 0.0, 0.0, 0.0, 0.0, 0.0, 0.0, 0.0, 0.0, 0.0, 0.0, 0.0, 0.0, 0.0, 0.0, 0.0, 0.0, 0.0, 0.0, 0.0, 0.0, 0.0, 0.0, 0.0, 0.0, 0.0, 0.0, 0.0, 0.0, 0.0, 0.0, 0.0, 0.0, 0.0, 0.0, 0.0, 0.0, 0.0, 0.0, 0.0, 0.0, 0.0, 0.0, 0.0, 0.0, 0.0, 0.0, 0.0, 0.0, 0.0, 0.0, 0.0, 0.0, 0.0, 0.0, 0.0, 0.0, 0.0, 0.0, 0.0, 0.0, 0.0, 0.0, 0.0, 0.0, 0.0, 0.0, 0.0, 0.0, 0.0, 0.0, 0.0, 0.0, 0.0, 0.0, 0.0, 0.0, 0.0, 0.0, 0.0, 0.0, 0.0, 0.0, 0.0, 0.0, 0.0, 0.0, 0.0, 0.0, 0.0, 0.0, 0.0, 0.0, 0.0, 0.0, 0.0, 0.0, 0.0], "w_pers": [NaN, NaN, NaN, NaN, NaN, NaN, NaN, NaN, NaN, NaN, NaN, NaN, NaN, NaN, NaN, NaN, NaN, NaN, NaN, NaN, NaN, NaN, NaN, NaN, NaN, NaN, NaN, NaN, NaN, NaN, NaN, NaN, NaN, NaN, NaN, NaN, NaN, NaN, NaN, NaN, NaN, NaN, NaN, NaN, NaN, NaN, NaN, NaN, NaN, NaN, NaN, NaN, NaN, NaN, NaN, NaN, NaN, NaN, NaN, NaN, NaN, NaN, NaN, NaN, NaN, NaN, NaN, NaN, NaN, NaN, NaN, NaN, NaN, NaN, NaN, NaN, NaN, NaN, NaN, NaN, NaN, NaN, NaN, NaN, NaN, NaN, NaN, NaN, NaN, NaN, NaN, NaN, NaN, NaN, NaN, NaN, NaN, NaN, NaN, NaN],