{"chc_total": [4.844172623076195, 5.159086561501825, 3.0573166763029778, 1.4589824432575373, 2.859642884744689, 6.69351550522558, 2.6878169186961194, 7.559346743277182, 2.534916898676737, 1.7682979996262709, 5.693385566881594, 4.940819516452064, 1.7841566344516868, 4.575390370608089, 3.089095777432389, 1.7680822043060604, 5.086836498802538, 5.222887531908685, 1.662908195909628, 3.0939692029865937, 3.3311260539714502, 5.022682077056452, 4.8899329926305315, 1.8005809725246529, 2.513519911592822, 11.094848188523295, 2.398050694694065, 6.035336844367372, 2.5593651666060926, 5.673970880726556, 3.871968153605588, 7.783149097062961, 5.144675876098144, 4.932774853898188, 12.38570621402283, 3.815827753388154, 2.745428094235274, 8.637600970658502, 2.50180900965301, 1.970187984564652, 2.317408235487601, 1.3272198150506742, 2.2466522908732585, 4.965772283936453, 3.4542835601783426, 4.733942701508286, 1.7475081071804093, 2.2642581449898302, 1.7615079828190805, 7.610669992487782, 4.940894121148835, 2.9788665366410876, 5.088802497039187, 7.528135976701162, 1.6185947063882649, 10.996188187109574, 7.110768676189767, 3.588244173249347, 7.032558921090132, 6.416905245304396, 9.28016203736558, 2.3831469509199192, 11.881607008571601, 3.1546964516137006, 3.058183009285049, 2.1486750686658316, 3.5244731450923226, 2.900715994635894, 2.119970574767019, 5.039998940838711, 5.407972769201714, 3.4367097019099897, 3.4868979746580755, 7.955716599962014, 9.351447579668772, 8.707441141883608, 2.0360936975216646, 3.282166647925068, 5.483332130325148, 2.667352787088591, 6.7825790071846255, 1.60988820036083, 2.4243937300242617, 4.987054965570366, 2.452883119243817, 3.486456044285147, 4.478992525313697, 2.3852398772135937, 5.618373003087849, 2.984074636398358, 4.990160356165577, 6.52230537687296, 5.380966990031695, 4.662977561462305, 6.754842591040145, 2.328531385147207, 5.104153559467819, 7.444424355223364, 6.656600426746316, 5.151793297731292], "path_lengths": [3.9011290490270816, 4.530430146877904, 4.315804736158339, 3.398167132359544, 4.947076504141971, 4.021202160271976, 4.162170453545493, 3.9708824337947917, 4.036189243218758, 4.134639413727698, 4.107343617361868, 4.342815981590207, 4.261787910853495, 4.083118899689346, 4.232899898510401, 4.426081226692605, 1.6470137859127554, 4.158588718778602, 4.982321688409483, 4.046087401018172, 4.0457019556245095, 4.365716672452955, 4.3818509008724815, 4.918016496318471, 3.783575055777439, 4.462653260169182, 1.8886629000366078, 3.8815433570567386, 3.6446150302536098, 4.581270738748417, 4.437884363844144, 4.4184534381342635, 3.6631483892140353, 3.9936618553782495, 3.714421645683572, 4.204021114861936, 4.441695817469519, 4.686973780861704, 3.9751772426712044, 4.242787350218628, 4.651144014866094, 4.138718485043955, 3.7606212684644635, 4.37727687871618, 3.8499919016829245, 4.153996416362187, 4.31485305347588, 4.127137420446196, 3.9155486494040077, 4.4947994959350055, 4.14107214068649, 4.130759754113751, 4.843948934204968, 4.23258691412098, 4.2092263208350085, 3.954207065156261, 3.3753463564070025, 4.109141697449698, 4.481102675729478, 3.886298713247142, 3.89816603643123, 4.061574580329541, 4.68161250499282, 4.342554676342066, 4.081324632457764, 4.202936377409752, 4.240088039733968, 4.2138745978531675, 4.222356910306605, 4.557334609305978, 3.9954234916517066, 4.229517909191881, 4.56354127037632, 4.07976057527725, 3.4388006168028036, 3.6320802358833624, 3.998833331073135, 4.1428900747295065, 3.9645886319940336, 4.112053861386383, 4.259012548411451, 4.1715708468530295, 3.820706413008363, 4.001484292132087, 3.978277059874408, 4.51338474014808, 3.6941413315863163, 4.198097099713905, 4.112460511649004, 1.5087258810888304, 3.9724610423252362, 4.376373329306285, 4.490114463403162, 1.883446725085226, 3.883216089572206, 4.092549634925779, 3.8109994525380197, 4.474064192220205, 4.123885844633773, 4.082818083077047], "episode_rewards": [10.0, 10.0, 10.0, 10.0, 10.0, 10.0, 10.0, 10.0, 10.0, 9.99745086154204, 10.0, 10.0, 9.990755709187601, 10.0, 10.0, 10.0, 0.0, 10.0, 9.976838353690212, 10.0, 10.0, 10.0, 9.999808009307243, 10.0, 10.0, 10.0, 0.0, 10.0, 10.0, 10.0, 10.0, 10.0, 10.0, 10.0, 10.0, 10.0, 10.0, 10.0, 10.0, 10.0, 10.0, 10.0, 10.0, 10.0, 10.0, 10.0, 10.0, 10.0, 10.0, 9.996993814684542, 10.0, 10.0, 10.0, 10.0, 10.0, 10.0, 0.0, 10.0, 10.0, 10.0, 10.0, 10.0, 10.0, 10.0, 10.0, 10.0, 10.0, 9.98659217875752, 10.0, 10.0, 9.998344871345388, 10.0, 10.0, 10.0, 0.0, 10.0, 10.0, 10.0, 10.0, 10.0, 10.0, 10.0, 10.0, 10.0, 10.0, 10.0, 10.0, 10.0, 9.997906986488118, 0.0, 10.0, 10.0, 10.0, 0.0, 10.0, 10.0, 10.0, 10.0, 10.0, 10.0], "wnum_rews": [0.0, 0.0, 0.0, 0.0, 0.0, 0.0, 0.0, 0.0, 0.0, 0.0, 0.0, 0.0, 0.0, 0.0, 0.0, 0.0, 0.0, 0.0, 0.0, 0.0, 0.0, 0.0, 0.0, 0.0, 0.0, 0.0, 0.0, 0.0, 0.0, 0.0, 0.0, 0.0, 0.0, 0.0, 0.0, 0.0, 0.0, 0.0, 0.0, 0.0, 0.0, 0.0, 0.0, 0.0, 0.0, 0.0, 0.0, 0.0, 0.0, 0.0, 0.0, 0.0, 0.0, 0.0, 0.0, 0.0, 0.0, 0.0, 0.0, 0.0, 0.0, 0.0, 0.0, 0.0, 0.0, 0.0, 0.0, 0.0, 0.0, 0.0, 0.0, 0.0, 0.0, 0.0, 0.0, 0.0, 0.0, 0.0, 0.0, 0.0, 0.0, 0.0, 0.0, 0.0, 0.0, 0.0, 0.0, 0.0, 0.0, 0.0, 0.0, 0.0, 0.0, 0.0, 0.0, 0.0, 0.0, 0.0, 0.0, 0.0], "w_pers": [NaN, NaN, NaN, NaN, NaN, NaN, NaN, NaN, NaN, NaN, NaN, NaN, NaN, NaN, NaN, NaN, NaN, NaN, NaN, NaN, NaN, NaN, NaN, NaN, NaN, NaN, NaN, NaN, NaN, NaN, NaN, NaN, NaN, NaN, NaN, NaN, NaN, NaN, NaN, NaN, NaN, NaN, NaN, NaN, NaN, NaN, NaN, NaN, NaN, NaN, NaN, NaN, NaN, NaN, NaN, NaN, NaN, NaN, NaN, NaN, NaN, NaN, NaN, NaN, NaN, NaN, NaN, NaN, NaN, NaN, NaN, NaN, NaN, NaN, NaN, NaN, NaN, NaN, NaN, NaN, NaN, NaN, NaN, NaN, NaN, NaN, NaN, NaN, NaN, NaN, NaN, NaN, NaN, NaN, NaN, NaN, NaN, NaN, NaN, NaN],