{"chc_total": [5.599930238459296, 4.376461390694295, 68.60768039467717, 9.375507145233628, 7.550802413384784, 4.804341693678417, 15.766937503535788, 7.05159260673027, 11.988704070899615, 26.668374800037125, 7.788877549973751, 8.903111965478734, 7.42819697679116, 12.41416643424288, 5.877331822386133, 8.145664679047005, 71.13784566858207, 4.735999684160731, 8.796200681306109, 8.009744856142282, 5.2771978343519415, 6.124055204885951, 16.8515336959274, 6.467679312744046, 7.633421653115448, 7.325763042628871, 8.151415986245945, 7.2803332581092866, 12.969019402357967, 10.643985680894327, 6.672168179775543, 8.532923943314955, 10.946804591556509, 8.18579051951264, 28.653548096241938, 5.662758733129606, 5.602923048935696, 16.303266642533824, 33.85985228913179, 8.428600347687516, 7.749997231964383, 8.808899459882449, 6.368338517938187, 169.23541946729216, 11.738410471965667, 24.640689893893768, 7.595690844953093, 9.798138665355332, 10.808675870831925, 8.723274836735724, 6.443749891090558, 5.806369315373114, 42.82213052415286, 6.182467024589848, 20.162829160174837, 3.23490383761071, 29.40845779915467, 6.242222324941384, 28.721644830854462, 19.351979462795352, 10.014540571686515, 32.52979398559169, 8.213291605996767, 5.746545122508471, 16.482166857884287, 9.327416178114952, 5.33489850996784, 44.486781186562204, 8.391015423581722, 9.042021025215133, 12.721840543589181, 23.13538470411241, 8.161688198991063, 7.794620744488031, 6.603503250935265, 8.045248648378601, 28.537572582702364, 5.956202716761756, 9.45116466074657, 10.28018860222395, 4.217326080671714, 27.110812123794386, 10.770474709842807, 65.27679203663017, 10.663035789917664, 14.591069322607973, 10.371547055266747, 28.732885249042436, 20.659549254304572, 6.364292120040301, 31.50610658824021, 7.823773330942678, 7.107693723158598, 3.8122321896413296, 9.283703862193052, 20.956893087125213, 10.880804638209753, 71.39695294992093, 15.935008381029476, 7.5802435551213465], "path_lengths": [1.9403643943095268, 2.227232008913028, 3.3739344057494933, 1.757959581622675, 3.262570688890627, 1.348140075786411, 1.8782349301741625, 2.9268533365758205, 3.4731346489275, 1.9137337747949184, 2.6314529721132556, 2.8011619023045538, 2.3284306725697554, 2.3094630149044684, 1.251487572567142, 3.439950365511873, 3.1383003458925898, 0.6322604296813981, 2.7021454268752447, 2.5842351130422867, 2.0517364895300787, 2.524680285290409, 2.225927124342595, 2.0130167547869218, 2.9276042624901457, 1.1036579425912674, 2.1695737171615384, 2.555556581426367, 3.0222419206693747, 3.3871663777429695, 1.92062599222874, 2.808595194135472, 1.8615494914610504, 1.4211875240514342, 3.2587798316867325, 2.3548345556497066, 1.818974120463871, 2.3244401794830747, 1.4052569637544519, 2.622457743955661, 2.489345473931366, 1.1489542181272532, 3.515612850176399, 3.635425345725531, 2.1423356542425336, 2.769009157133698, 2.2884130950048474, 3.2261224024183135, 2.9576841587118303, 1.3692234864008876, 1.8347375698163348, 2.5627418927871104, 3.3391736666176577, 2.123876178537667, 2.6107057193639616, 0.9630617755273393, 2.532775414946467, 1.5262140612350705, 3.6958786177637353, 3.682098076660523, 3.368622277028986, 3.2956038611206124, 1.3338702154974733, 2.0588303539094785, 2.7752897936494083, 3.220052932220735, 1.9153156302295793, 2.3936916287381007, 3.460743341829046, 2.714787829542031, 2.422173633527158, 2.3371536413055214, 2.5007326927562894, 3.0358504777303854, 3.2280779895004272, 1.3417125695489631, 3.984637286176275, 2.442630493442127, 3.5005640400515046, 2.6721439033761722, 1.0481004060547272, 2.8817500573225985, 2.1331331400757088, 4.471858985110057, 2.699038838769822, 3.440121399071284, 1.9295643705653653, 4.140224584309446, 1.200448194405978, 1.4481304351550524, 3.0223586181771593, 1.758717465269985, 2.696022604862943, 1.5691808686922, 3.107710781298845, 2.079332037175949, 2.4263221342893093, 2.0772435528300006, 2.430792604910631, 2.1840090882565106], "episode_rewards": [10.0, 10.0, 10.0, 10.0, 10.0, 10.0, 10.0, 10.0, 10.0, 10.0, 10.0, 10.0, 10.0, 10.0, 10.0, 10.0, 9.98663950745374, 10.0, 10.0, 10.0, 10.0, 10.0, 10.0, 10.0, 10.0, 10.0, 10.0, 10.0, 10.0, 10.0, 10.0, 10.0, 10.0, 10.0, 10.0, 10.0, 10.0, 10.0, 10.0, 10.0, 10.0, 10.0, 10.0, 10.0, 10.0, 10.0, 10.0, 9.97831382914204, 10.0, 10.0, 10.0, 10.0, 9.842900334886842, 10.0, 10.0, 10.0, 10.0, 10.0, 10.0, 10.0, 10.0, 10.0, 10.0, 10.0, 10.0, 10.0, 10.0, 10.0, 10.0, 10.0, 10.0, 10.0, 10.0, 10.0, 10.0, 10.0, 10.0, 10.0, 10.0, 10.0, 10.0, 10.0, 10.0, 10.0, 10.0, 10.0, 10.0, 10.0, 10.0, 10.0, 10.0, 10.0, 10.0, 10.0, 10.0, 10.0, 10.0, 10.0, 9.938272267878366, 10.0], "wnum_rews": [0.0, 0.0, 0.0, 0.0, 0.0, 0.0, 0.0, 0.0, 0.0, 0.0, 0.0, 0.0, 0.0, 0.0, 0.0, 0.0, 0.0, 0.0, 0.0, 0.0, 0.0, 0.0, 0.0, 0.0, 0.0, 0.0, 0.0, 0.0, 0.0, 0.0, 0.0, 0.0, 0.0, 0.0, 0.0, 0.0, 0.0, 0.0, 0.0, 0.0, 0.0, 0.0, 0.0, 0.0, 0.0, 0.0, 0.0, 0.0, 0.0, 0.0, 0.0, 0.0, 0.0, 0.0, 0.0, 0.0, 0.0, 0.0, 0.0, 0.0, 0.0, 0.0, 0.0, 0.0, 0.0, 0.0, 0.0, 0.0, 0.0, 0.0, 0.0, 0.0, 0.0, 0.0, 0.0, 0.0, 0.0, 0.0, 0.0, 0.0, 0.0, 0.0, 0.0, 0.0, 0.0, 0.0, 0.0, 0.0, 0.0, 0.0, 0.0, 0.0, 0.0, 0.0, 0.0, 0.0, 0.0, 0.0, 0.0, 0.0], "w_pers": [NaN, NaN, NaN, NaN, NaN, NaN, NaN, NaN, NaN, NaN, NaN, NaN, NaN, NaN, NaN, NaN, NaN, NaN, NaN, NaN, NaN, NaN, NaN, NaN, NaN, NaN, NaN, NaN, NaN, NaN, NaN, NaN, NaN, NaN, NaN, NaN, NaN, NaN, NaN, NaN, NaN, NaN, NaN, NaN, NaN, NaN, NaN, NaN, NaN, NaN, NaN, NaN, NaN, NaN, NaN, NaN, NaN, NaN, NaN, NaN, NaN, NaN, NaN, NaN, NaN, NaN, NaN, NaN, NaN, NaN, NaN, NaN, NaN, NaN, NaN, NaN, NaN, NaN, NaN, NaN, NaN, NaN, NaN, NaN, NaN, NaN, NaN, NaN, NaN, NaN, NaN, NaN, NaN, NaN, NaN, NaN, NaN, NaN, NaN, NaN],