{"chc_total": [9.293878266869807, 3.926990816987242, 25.91813939211579, 6.93768377667746, 7.330382858376185, 4.581489286485116, 7.461282552275759, 8.115781021773634, 8.115781021773632, 11.780972450961727, 11.519173063162574, 12.959069696057897, 9.686577348568528, 5.890486225480863, 6.544984694978737, 9.94837673636768, 4.057890510886816, 7.592182246175334, 15.83886296184854, 7.461282552275759, 3.4033920413889454, 5.235987755982989, 18.32595714594046, 7.8539816339744855, 13.482668471656195, 5.235987755982989, 4.843288674284266, 4.97418836818384, 12.042771838760876, 5.23598775598299, 14.922565104551522, 7.984881327874059, 7.984881327874059, 4.581489286485115, 12.828170002158318, 6.021385919380438, 10.602875205865551, 10.8646745936647, 9.424777960769381, 6.937683776677461, 6.021385919380438, 6.67588438887831, 6.937683776677459, 11.9118721448613, 8.246680715673207, 14.529866022852792, 7.8539816339744855, 12.959069696057895, 6.937683776677461, 11.650072757062148, 5.890486225480863, 5.23598775598299, 14.268066635053648, 6.675884388878309, 8.639379797371932, 3.4033920413889436, 3.010692959690219, 3.534291735288518, 6.675884388878313, 11.25737367536343, 9.686577348568528, 13.744467859455348, 7.330382858376185, 9.032078879070655, 15.446163880149816, 20.420352248333657, 6.414085001079162, 9.686577348568528, 9.555677654668957, 6.93768377667746, 10.864674593664702, 15.577063574049392, 5.890486225480863, 5.890486225480863, 6.283185307179586, 4.97418836818384, 7.330382858376185, 16.755160819145562, 7.592182246175337, 13.613568165555769, 6.152285613280012, 8.377580409572781, 6.021385919380438, 11.9118721448613, 7.461282552275759, 20.42035224833366, 5.366887449882564, 22.907446432425576, 11.780972450961727, 5.366887449882564, 19.373154697137057, 10.471975511965976, 7.853981633974485, 6.414085001079164, 15.838862961848543, 11.388273369263002, 13.089969389957469, 11.65007275706215, 4.581489286485115, 6.414085001079163], "path_lengths": [2.3733333333333353, 2.560000000000002, 3.539019633965273, 2.080000000000002, 3.2682356075832413, 1.4666666666666675, 2.106666666666668, 3.0933333333333355, 1.8757125893066025, 2.019019633965271, 2.9866666666666695, 3.1614753012128314, 2.800000000000002, 2.3047059345972083, 1.5733333333333341, 3.5200000000000027, 1.7256863006319376, 0.8266666666666674, 2.933333333333336, 2.7003571379899665, 2.0533333333333346, 2.666666666666669, 2.712352967298605, 2.257746935247147, 3.0945236096158624, 1.3333333333333341, 2.213333333333335, 2.7466666666666684, 2.950178194041286, 3.8933333333333358, 2.0380392679305412, 3.2206555753418002, 2.106666666666668, 1.920000000000001, 3.17985818258431, 2.4647059345972084, 2.1600000000000015, 2.491372601263875, 1.5200000000000011, 3.0133333333333354, 2.5866666666666682, 1.5250975215304583, 3.7180392679305427, 1.9620018879310077, 2.419019633965272, 2.885390754190445, 2.327688188562945, 3.3933447548211184, 2.092744554231855, 1.5620018879310074, 2.1066666666666682, 2.800000000000002, 3.1466666666666696, 2.293333333333335, 2.933333333333335, 1.1733333333333342, 0.944705934597207, 0.9333333333333339, 3.546666666666669, 3.4894118691944165, 3.706666666666669, 3.386666666666669, 1.4323529672986037, 2.5333333333333345, 3.0467476817979766, 3.539394204604326, 1.9733333333333345, 2.4533333333333354, 3.7294118691944163, 2.891372601263875, 2.5333333333333354, 2.4139490494053715, 2.551203846877625, 3.1123529672986057, 3.319425439789512, 1.840000000000001, 3.987503714474285, 2.5384450737547817, 4.133333333333336, 3.070392235229145, 1.0590196339652707, 3.046539068141966, 2.1600000000000015, 4.115170282886015, 2.845686300631939, 3.5733333333333364, 2.0533333333333346, 4.100209910247799, 1.4666666666666677, 1.9123529672986042, 3.055335221264342, 1.7231510083519879, 2.817385082687661, 1.6533333333333349, 3.3449145482532203, 2.133333333333334, 2.5512742469906096, 2.135909781474832, 1.1781966943361395, 2.2056863006319385], "episode_rewards": [10.0, 10.0, 10.0, 10.0, 9.999359413699333, 10.0, 10.0, 10.0, -10.730862614929588, 10.0, 10.0, 9.19782207355592, 10.0, 10.0, 10.0, 10.0, -10.906758782752522, 10.0, 10.0, 10.0, 10.0, 10.0, 10.0, 10.0, 7.5636047802464645, 10.0, 10.0, 10.0, 10.0, 10.0, 10.0, 9.127848374477635, 10.0, 10.0, 10.0, 10.0, 10.0, 9.85041135861283, 9.728845253614544, 10.0, 10.0, 10.0, 10.0, 10.0, 10.0, 10.0, 10.0, 10.0, -10.493033615713397, 10.0, 10.0, 10.0, 8.666389909440747, 10.0, 10.0, 10.0, 0.0, -10.19025479020945, 10.0, 10.0, 10.0, 10.0, 10.0, 10.0, 8.786289012081323, 10.0, 10.0, 10.0, 9.44051658770969, 9.993061309908047, 10.0, 9.70775161889599, 10.0, 10.0, 10.0, 10.0, 10.0, 10.0, 10.0, 9.586725819255523, 10.0, 10.0, 10.0, 7.294982789339475, 10.0, 10.0, 9.726437684209037, 7.652458138239936, 10.0, 10.0, 10.0, 10.0, 8.517978258831045, 10.0, 9.019279331815325, 10.0, 7.614889052764748, 9.889447122591449, -10.533164775030652, 10.0], "wnum_rews": [0.0, 0.0, 0.0, 0.0, 0.0, 0.0, 0.0, 0.0, 0.0, 0.0, 0.0, 0.0, 0.0, 0.0, 0.0, 0.0, 0.0, 0.0, 0.0, 0.0, 0.0, 0.0, 0.0, 0.0, 0.0, 0.0, 0.0, 0.0, 0.0, 0.0, 0.0, 0.0, 0.0, 0.0, 0.0, 0.0, 0.0, 0.0, 0.0, 0.0, 0.0, 0.0, 0.0, 0.0, 0.0, 0.0, 0.0, 0.0, 0.0, 0.0, 0.0, 0.0, 0.0, 0.0, 0.0, 0.0, 0.0, 0.0, 0.0, 0.0, 0.0, 0.0, 0.0, 0.0, 0.0, 0.0, 0.0, 0.0, 0.0, 0.0, 0.0, 0.0, 0.0, 0.0, 0.0, 0.0, 0.0, 0.0, 0.0, 0.0, 0.0, 0.0, 0.0, 0.0, 0.0, 0.0, 0.0, 0.0, 0.0, 0.0, 0.0, 0.0, 0.0, 0.0, 0.0, 0.0, 0.0, 0.0, 0.0, 0.0], "w_pers": [NaN, NaN, NaN, NaN, NaN, NaN, NaN, NaN, NaN, NaN, NaN, NaN, NaN, NaN, NaN, NaN, NaN, NaN, NaN, NaN, NaN, NaN, NaN, NaN, NaN, NaN, NaN, NaN, NaN, NaN, NaN, NaN, NaN, NaN, NaN, NaN, NaN, NaN, NaN, NaN, NaN, NaN, NaN, NaN, NaN, NaN, NaN, NaN, NaN, NaN, NaN, NaN, NaN, NaN, NaN, NaN, NaN, NaN, NaN, NaN, NaN, NaN, NaN, NaN, NaN, NaN, NaN, NaN, NaN, NaN, NaN, NaN, NaN, NaN, NaN, NaN, NaN, NaN, NaN, NaN, NaN, NaN, NaN, NaN, NaN, NaN, NaN, NaN, NaN, NaN, NaN, NaN, NaN, NaN, NaN, NaN, NaN, NaN, NaN, NaN],