{"chc_total": [19.373154697137057, 24.478242759220468, 17.409659288643443, 5.49778714378214, 17.016960206944706, 20.420352248333657, 9.686577348568528, 12.042771838760876, 10.995574287564281, 4.319689898685967, 20.551251942233225, 7.068583470577035, 15.83886296184854, 36.12831551628261, 13.220869083857046, 7.461282552275758, 12.566370614359174, 18.064157758141306, 6.414085001079161, 3.4033920413889436, 10.864674593664702, 11.388273369262999, 24.870941840919198, 12.69727030825875, 6.414085001079163, 27.881634800609408, 7.330382858376186, 24.478242759220475, 7.592182246175336, 10.995574287564276, 15.053464798451094, 8.24668071567321, 16.49336143134641, 14.922565104551515, 12.173671532660451, 12.566370614359172, 43.32779868075922, 12.828170002158325, 7.5921822461753345, 12.69727030825875, 16.100662349647692, 3.9269908169872423, 8.246680715673211, 42.804199905160914, 18.325957145940457, 15.315264186250237, 18.849555921538748, 6.414085001079161, 10.471975511965978, 14.922565104551522, 16.62426112524599, 15.838862961848546, 5.235987755982988, 45.16039439535326, 5.366887449882564, 18.195057452040885, 9.555677654668955, 16.886060513045138, 11.126473981463851, 21.336650105630678, 30.237829290801766, 20.813051330032383, 17.671458676442587, 9.293878266869806, 13.87536755335492, 8.115781021773635, 11.126473981463851, 15.577063574049388, 25.00184153481877, 3.926990816987241, 12.17367153266045, 4.057890510886817, 5.366887449882564, 15.83886296184854, 12.173671532660448, 16.362461737446836, 8.639379797371932, 7.984881327874059, 26.834437249412815, 19.373154697137053, 7.199483164476612, 17.40965928864344, 5.105088062083415, 34.29571980168857, 12.173671532660444, 15.838862961848534, 21.33665010563068, 15.184364492350667, 5.497787143782138, 24.87094184091919, 16.362461737446836, 16.62426112524599, 25.656340004316643, 14.660765716752364, 7.461282552275759, 10.995574287564281, 20.158552860534503, 20.02765316663493, 12.69727030825875, 4.057890510886816], "path_lengths": [3.9974647077200536, 2.2783174752300788, 3.0297068713631408, 1.3828984414312224, 5.473720993546162, 4.029228895917178, 2.109297795218738, 4.046680681338023, 4.380956209262011, 1.744705934597208, 4.150718416020996, 1.4907980410533845, 4.304911130275485, 4.374503150222939, 4.372461725869931, 4.603388059789981, 3.9048307357187055, 4.09870113383571, 1.9855044197268468, 1.7813859676393349, 4.14215642342627, 4.5123866111874245, 4.586767839497831, 4.940575578815208, 1.4658369094067718, 4.813005541017561, 4.031778407088116, 3.7100884810579693, 3.7294530250559625, 2.213319114442345, 4.499019633965273, 3.812940041369027, 1.761217213253085, 4.083725568562479, 3.578555655985289, 4.444341284634517, 4.653713388066301, 4.3177017591580436, 1.6837382866420454, 4.524842324481054, 1.9708391969149315, 1.9009661471437418, 3.771372601263876, 4.756046171358679, 3.9477639990024067, 4.371988317335913, 4.468750866320771, 4.179283622373821, 4.128706913056017, 4.629819871587032, 4.456034582596328, 2.797575985707512, 1.6500882768383303, 4.459954713198393, 1.8205885748818442, 1.9278114888730187, 4.321136291628911, 4.078874398571844, 4.6750776169262975, 3.9237255685624794, 3.856275617316807, 2.583080981148198, 4.356847490836595, 4.69710005775736, 4.641373343066902, 2.1271405653230127, 4.224828707839887, 1.7266806813380207, 4.704072768670713, 1.5792435588844203, 3.730893070856047, 1.9784450737547814, 2.6826925144659146, 4.4046688555252835, 3.6631560023235727, 3.7980392679305433, 1.8908938773255042, 4.195946222766858, 4.190631483235513, 4.075100459901861, 4.453333333333337, 4.172873636362609, 1.6661332623177245, 3.9963978990221665, 4.072198227583709, 4.53201525430647, 3.7750981698263533, 4.171817044948518, 1.721764836493018, 3.8400000000000034, 3.937094046596053, 4.34273098363676, 5.075710561427787, 3.960727272046571, 2.209453025055961, 4.293137437756893, 3.8248576726892622, 4.550993732410194, 4.4510193727889655, 2.043151008351988], "episode_rewards": [9.964350069831589, -1.4502923931129923, -10.807192057870468, -10.759199630782156, 10.0, 9.2566213431664, -11.119223641107187, 8.997648267365467, 9.209519833527883, -11.253980024661754, 9.582213320996807, -1.9675665909329543, 6.576147101567668, 7.465632694931177, 7.2971119225482015, 8.905121607824872, 9.236540504031812, 9.151137594122478, -1.4627178877969285, -0.5219664273991492, 8.835426906955178, 9.160438288885421, 4.7281278078668345, 9.963823111711147, -0.40668934710711524, 9.98180182180209, 9.065253682420694, 8.727239767720242, 9.29089331099098, -0.6750753241336309, 9.66153019883294, 6.238985207097615, -2.4319818542229106, 9.209066179135336, 10.0, 9.106016944964349, 8.309062920216729, 10.0, -11.686272877822734, 10.0, -1.0983789938950033, -10.63894533522975, 8.953233862858763, 10.0, 7.513379950446588, 9.192917023683654, 10.0, 7.982275576366751, 8.519027425101703, 10.0, 9.307330871309562, -2.714220996846565, -1.3544401275103113, 9.980860001036925, -0.8758149788556175, -1.3982168069024383, 9.85779356770222, 8.267297143131618, 9.9379641214678, 8.288800061213706, 8.127880177941588, -1.5030153217573772, 9.976832434207811, 10.0, 10.0, -3.169018211554836, 7.971050299119655, -0.5363092632337461, 7.791740126072269, -0.8069911359904846, 7.72718952478177, -0.9233926451658797, 0.0, 10.0, 9.075125873633779, 9.476345967745875, -1.2797125944502683, 10.0, 6.297944556701379, 7.354058218510183, 9.915839347497835, 9.95173456847845, -10.517224850928773, 8.884310586126738, 9.612736455435217, 8.368934308872666, 8.997554385865406, 7.879908821966776, -10.548413268705486, 8.857557638311576, 6.410676619940746, 9.95903387849572, 10.0, 9.633229872162266, -0.6760533186513451, 9.80903154401201, 9.205619818959645, 9.470870880425753, 9.026013649066767, -1.481628100081029], "wnum_rews": [0.0, 0.0, 0.0, 0.0, 0.0, 0.0, 0.0, 0.0, 0.0, 0.0, 0.0, 0.0, 0.0, 0.0, 0.0, 0.0, 0.0, 0.0, 0.0, 0.0, 0.0, 0.0, 0.0, 0.0, 0.0, 0.0, 0.0, 0.0, 0.0, 0.0, 0.0, 0.0, 0.0, 0.0, 0.0, 0.0, 0.0, 0.0, 0.0, 0.0, 0.0, 0.0, 0.0, 0.0, 0.0, 0.0, 0.0, 0.0, 0.0, 0.0, 0.0, 0.0, 0.0, 0.0, 0.0, 0.0, 0.0, 0.0, 0.0, 0.0, 0.0, 0.0, 0.0, 0.0, 0.0, 0.0, 0.0, 0.0, 0.0, 0.0, 0.0, 0.0, 0.0, 0.0, 0.0, 0.0, 0.0, 0.0, 0.0, 0.0, 0.0, 0.0, 0.0, 0.0, 0.0, 0.0, 0.0, 0.0, 0.0, 0.0, 0.0, 0.0, 0.0, 0.0, 0.0, 0.0, 0.0, 0.0, 0.0, 0.0], "w_pers": [NaN, NaN, NaN, NaN, NaN, NaN, NaN, NaN, NaN, NaN, NaN, NaN, NaN, NaN, NaN, NaN, NaN, NaN, NaN, NaN, NaN, NaN, NaN, NaN, NaN, NaN, NaN, NaN, NaN, NaN, NaN, NaN, NaN, NaN, NaN, NaN, NaN, NaN, NaN, NaN, NaN, NaN, NaN, NaN, NaN, NaN, NaN, NaN, NaN, NaN, NaN, NaN, NaN, NaN, NaN, NaN, NaN, NaN, NaN, NaN, NaN, NaN, NaN, NaN, NaN, NaN, NaN, NaN, NaN, NaN, NaN, NaN, NaN, NaN, NaN, NaN, NaN, NaN, NaN, NaN, NaN, NaN, NaN, NaN, NaN, NaN, NaN, NaN, NaN, NaN, NaN, NaN, NaN, NaN, NaN, NaN, NaN, NaN, NaN, NaN],