{"chc_total": [6.752394193128411, 6.542860817088676, 69.33079121378815, 9.536175265303916, 9.232208632891313, 4.862965211296683, 8.250698973214822, 10.463880318687439, 7.528122945153496, 12.05537824991512, 10.138199476122212, 8.54551213682903, 6.692470238065067, 5.4795762293284485, 10.596129235834931, 8.98571877320701, 17.99914553058247, 5.02731762264064, 7.401841974691519, 6.517596089061307, 6.22619231747447, 6.3660373624140165, 16.43695466443054, 6.56304515198888, 13.158801063579247, 5.892548813664374, 7.401262144818109, 8.131790034579035, 9.828549622991693, 11.215844553280638, 19.066446982097993, 8.548165713453558, 14.683289112205252, 7.359300026619619, 8.215215913275058, 6.629767860310338, 10.510057116409364, 10.557929977891526, 13.686107773002602, 7.163965405325076, 12.248961694895385, 9.88178909209113, 9.710625159262081, 37.49708916589507, 7.853280674374887, 15.029527867861605, 11.122007274278145, 6.9769031176206395, 11.77875013880631, 5.321980721906847, 6.65582313862106, 10.281557879678756, 9.791318066359612, 10.63105918173803, 20.339904929861454, 3.5654203047535873, 9.950569810834788, 5.056860528707454, 16.372453402345045, 63.69006554834675, 9.879761125912697, 24.337847465356983, 10.017620918713794, 8.510836492123618, 11.716558045748142, 7.925176970332991, 8.7985197644054, 48.52659192506036, 8.117265800886045, 11.008648178564888, 10.692280000468566, 12.523231922549407, 10.516031265761528, 6.805066055844825, 10.85517590921472, 9.704840141208622, 13.004488032357841, 6.16822018447663, 9.896107003463534, 10.347620776444302, 10.19761177481279, 31.0665852522705, 9.189448058759153, 26.340002395675615, 7.581375726507651, 11.032069888347449, 7.549351281798114, 7.06039701993292, 18.76455048442765, 9.202945165082854, 42.891720829757865, 9.548874284966532, 7.15460800640244, 5.665057551849305, 12.428775845693602, 13.905790122175754, 5.811322613654667, 52.00454592219348, 12.002279887404299, 8.31229137766516], "path_lengths": [1.9176977936946138, 2.2169139219157734, 3.3269939273011304, 1.7489475448783598, 3.2185702941196426, 1.3128148737969865, 1.84697899932691, 2.8756361267556394, 3.3827783810811014, 1.8922108059304168, 2.5809362454631755, 2.7707127776585616, 2.3311204655968365, 2.24851858030056, 1.238801015679002, 3.376299086333957, 2.9530757640535072, 0.6341869350006777, 2.7133797338913497, 2.570699079880452, 2.023809408455944, 2.505010765387903, 2.178896748810113, 2.0116134956931377, 2.8609309727835073, 1.1243805707963823, 2.0702764268438583, 2.5701722594984346, 2.9308683732243908, 3.3696382589804323, 1.87018207896223, 2.781007274431923, 1.8280653089738699, 1.4398433829258142, 3.044901372451188, 2.3236651825324723, 1.8174551391257172, 2.3327150392584515, 1.3911352019922762, 2.618465480023122, 2.4581540847796783, 1.110055116176043, 3.528967468609815, 1.8489289358164598, 2.1447563043762727, 2.7394852709735726, 2.282042459336841, 3.1837306292048644, 2.8849104432739554, 1.3592341484197819, 1.8430818381881533, 2.5406683320652994, 3.098625319869796, 2.0727973581280015, 2.597291664654207, 0.9238081965433006, 2.5081998082531, 1.4608679606139237, 3.5300452981138495, 3.395829517830249, 3.3723012054602073, 3.301415424138902, 1.3185688843991341, 2.00223736796391, 2.724147892396612, 3.234719486213432, 1.8677563815503724, 2.3770694374449604, 3.4888061889934536, 2.705971927265654, 2.397625064963058, 2.3001805200087913, 2.475762893972805, 3.0069428468918846, 3.1602538018933513, 1.333614599740936, 3.9397966132034914, 2.375958472591403, 3.5017329480049058, 2.655014913547611, 1.0101270937378277, 2.8513751409643695, 2.0819573560535223, 4.226383758126751, 2.537575067507159, 3.4660535849575917, 1.94259937244313, 3.298581391938225, 1.2036664086545266, 1.427199666808411, 2.9990444093789748, 1.7095890391528255, 2.670554220795953, 1.5033601591053491, 3.0415996650899633, 2.0805863716759383, 2.3461835683937324, 2.0445994400067447, 2.3605490256517694, 2.155945614458482], "episode_rewards": [1.0, 1.0, 1.0, 1.0, 0.5949271419101423, 1.0, 1.0, 1.0, 0.6652027016552018, 1.0, 1.0, 1.0, 1.0, 1.0, 1.0, 1.0, -0.6742893985803682, 1.0, 1.0, -0.3707441015065087, 1.0, 1.0, 1.0, 1.0, 0.553557723166072, 1.0, 1.0, 1.0, 1.0, 1.0, 1.0, 0.9677212231192914, 1.0, 1.0, 0.9544208166020577, 0.5103135105859795, 1.0, 0.9569259694990607, 0.8807809639063227, 1.0, 1.0, 1.0, 1.0, 1.0, 1.0, 0.8708282841230541, 1.0, -0.3850451804024675, 1.0, 1.0, 1.0, 1.0, -0.0546837071568691, 1.0, 1.0, 1.0, 1.0, -0.2643767711185676, 1.0, 0.9597164366096406, 1.0, 1.0, 1.0, 1.0, 1.0, 1.0, 1.0, 1.0, 1.0, 1.0, 1.0, 0.7920023367096409, 1.0, 1.0, 1.0, 1.0, 1.0, 1.0, 1.0, 1.0, 1.0, 1.0, 1.0, 0.7318375476533222, 1.0, 1.0, 1.0, -0.651670842145764, 1.0, 1.0, 1.0, 1.0, 1.0, 1.0, 0.7155623864438041, 1.0, 1.0, 0.9470603453504423, 0.11430656009889695, 1.0], "wnum_rews": [0.96059601, 0.96059601, 0.96059601, 0.96059601, 0.7740085608717315, 0.96059601, 0.96059601, 0.96059601, 0.3398727865343808, 0.96059601, 0.96059601, 0.96059601, 0.96059601, 0.96059601, 0.9737306733333333, 0.8627792113866273, -0.0006891053278427761, 0.9736316700000001, 0.96059601, 0.096435495591705, 0.96059601, 0.96059601, 0.96059601, 0.96059601, 0.8085125159211117, 0.96059601, 0.96059601, 0.96059601, 0.96059601, 0.96059601, 0.96059601, 0.9159144119510019, 0.96059601, 0.96059601, 0.8330298953460027, 0.6298050882155823, 0.9638303399999999, 0.8842186258023068, 0.9283398472238797, 0.96059601, 0.96059601, 0.96059601, 0.96059601, 0.96059601, 0.96059601, 0.8698991900120159, 0.96059601, 0.16157774072727427, 0.96059601, 0.96059601, 0.96059601, 0.96059601, 0.3752068119407234, 0.96059601, 0.96059601, 0.96059601, 0.17651883575098148, 0.07318604254148287, 0.49663119359285507, 0.9475157520499857, 0.96059601, 0.96059601, 0.96059601, 0.96059601, 0.96059601, 0.952471584745779, 0.96059601, 0.96059601, 0.96059601, 0.9703973399999999, 0.96059601, 0.8919822919151854, 0.96059601, 0.96059601, 0.96059601, 0.96059601, 0.96059601, 0.96059601, 0.96059601, 0.96059601, 0.96059601, 0.96059601, 0.96059601, 0.8730305155957645, 0.96059601, 0.96059601, 0.96059601, -0.9960101198512297, 0.9638303399999999, 0.96059601, 0.911757329763432, 0.96059601, 0.96059601, 0.9638303399999999, 0.8660710172311039, 0.96059601, 0.96059601, 0.9533553837488091, 0.3038325313714759, 0.96059601], "w_pers": [0.3333333333333333, 0.16666666666666666, 0.2916666666666667, 0.25, 0.6, 0.7142857142857143, 0.5833333333333334, 0.14285714285714285, 0.2222222222222222, 0.4444444444444444, 0.45, 0.36363636363636365, 0.5, 0.2, 0.0, 0.25, 0.23076923076923078, 0.3, 0.8181818181818182, 0.25, 0.5, 0.0625, 0.625, 0.36363636363636365, 0.045454545454545456, 0.0, 0.35714285714285715, 0.25, 0.4166666666666667, 0.5, 0.5, 0.2222222222222222, 0.8125, 0.5, 0.3, 0.45, 0.3888888888888889, 0.18181818181818182, 0.2222222222222222, 0.375, 0.4, 1.0, 0.5, 0.3333333333333333, 0.42857142857142855, 0.38461538461538464, 0.18181818181818182, 0.3333333333333333, 0.05555555555555555, 0.5, 0.6666666666666666, 0.35, 0.2777777777777778, 0.25, 0.4, 0.0, 0.09090909090909091, 0.3333333333333333, 0.14285714285714285, 0.3888888888888889, 0.18181818181818182, 0.05555555555555555, 0.5, 0.6666666666666666, 0.22727272727272727, 0.55, 0.375, 0.35714285714285715, 0.5454545454545454, 0.20833333333333334, 0.5, 0.045454545454545456, 0.16666666666666666, 0.38461538461538464, 0.09090909090909091, 0.3333333333333333, 0.5909090909090909, 0.6666666666666666, 0.5, 0.05555555555555555, 0.25, 0.1875, 0.375, 0.15384615384615385, 0.2222222222222222, 0.2727272727272727, 0.08333333333333333, 0.0, 0.0, 0.16666666666666666, 0.3333333333333333, 0.3181818181818182, 0.19230769230769232, 0.375, 0.3333333333333333, 0.7857142857142857, 0.5, 0.05555555555555555, 0.1, 0.3333333333333333],