{"chc_total": [2.243781363579633, 2.47605136982564, 4.595525262397504, 1.893541985210352, 8.68827053794451, 1.743674104345037, 4.183234035758902, 1.6655304537862063, 3.136807288049807, 2.444317118739347, 3.1737250081402695, 1.9873881235238227, 4.330136721655219, 1.413811452295746, 3.578040828253773, 3.0023875988944666, 2.454451961449801, 2.4679243751595377, 2.216154565836827, 1.9708563149675908, 1.8105845770770088, 1.497658952378849, 7.271654355002373, 0.46142010713468923, 3.9416125663608503, 4.103921448512536, 3.106322213135084, 2.4073324608376416, 1.7024429142288657, 1.7791502264881185, 4.342178949914402, 1.5406739523035766, 4.308486028528807, 2.964576094646572, 1.9967805539259615, 5.158229212243938, 1.4274921321057636, 4.4608857728803715, 5.140513533168039, 1.9016797865878337, 2.327956563773112, 2.093123559664371, 2.478938218235609, 6.414856768053753, 2.428616805923772, 2.4786859439748907, 2.5802003663486315, 2.1639356399890244, 1.5654661531144773, 3.359077021727057, 2.0601170834935654, 3.537501495682059, 6.9794165024970765, 2.2947538578220197, 1.4095150926420503, 1.0374457441659972, 7.226748173940625, 1.8412743050369371, 2.72683329147115, 7.264057285217059, 2.768764819530194, 3.152617595583735, 2.478389484667121, 1.5440914305175097, 9.690010116277353, 2.0166512982266522, 1.9932467361617932, 6.96885371482247, 1.9402508640383231, 2.07146752397861, 2.4183810851960756, 2.0020153586547167, 2.6145925960511893, 1.5374552117384228, 1.3451897783582965, 1.9224424530578084, 4.953817698946293, 5.0267925753282965, 2.0567484361336876, 1.8792246133347128, 2.382190567366116, 2.745030537313076, 3.911517559931857, 2.340450584895364, 3.474063675030641, 1.6578999471386204, 3.4673171767884803, 2.4791778316751123, 2.4896029325914024, 1.6708086271781513, 3.9576111766188613, 3.250632025835543, 5.432939800938239, 1.5621944049356566, 4.228572862388494, 2.578868592286807, 2.65413391973066, 7.026240470336648, 12.334648727223522, 1.6031590457127678], "path_lengths": [1.9383053061062467, 2.5041278283408377, 3.374534319551643, 1.796886403491562, 3.3097883228914413, 1.339676876255514, 1.8689822590705685, 2.943143009276086, 3.45682295677171, 1.9310125584830944, 2.678966658182522, 2.824729220695335, 2.3329351825885545, 2.252522555179293, 1.6861682544599936, 3.370401203834165, 2.8788699600089096, 0.654405434904093, 2.7154865594214477, 2.585113552763035, 2.0649128456404195, 2.4926648187877056, 2.2103740495266595, 2.066235429681667, 2.8688009778096717, 1.4597970936518128, 2.5983131760953033, 2.5607882600111895, 2.895022293514799, 3.3968404224835544, 1.9135390688077558, 2.803839989299808, 1.8472095603367906, 2.151044055228361, 3.033364441142711, 2.9296201813967664, 1.84059083773434, 2.3688983538721087, 1.5098390095448593, 2.6431665692826205, 2.4838584837832416, 1.1376346036906713, 3.547198339906503, 1.9076274025123723, 2.1727432164759706, 2.7853728261278348, 2.318351678769113, 3.2109924981727285, 2.929419333015684, 1.3914552001657363, 1.8649949184293064, 3.2317614476419294, 4.064204885716263, 2.09671054291708, 2.603057216428872, 0.9628616598445768, 3.191833140585635, 1.513487166469235, 3.452159743361791, 4.0611440458065555, 3.3735873422066205, 3.2795689765599985, 1.3605188730110098, 2.0529470868389255, 3.294632003370475, 3.202859579379386, 1.886113275546703, 2.415731737929675, 3.448820219662776, 2.7149113436696735, 2.424314145362152, 2.321752249913772, 2.5112555088411286, 3.007140326283713, 3.2122795965579733, 1.3851246130792685, 3.936319105823706, 2.4411657302084167, 3.5113834332127762, 2.6843346289640047, 1.0128244188806614, 2.8847712764451194, 2.130867056293432, 4.1646895583757955, 3.081028571075027, 3.434742528175626, 2.2985829223114016, 3.893127942999678, 1.2552544409261603, 1.478059830307388, 2.970800076901577, 1.7590200495564654, 3.459748773697548, 1.5517849698704207, 3.075648648655889, 2.1275651415575294, 2.3765762749785124, 2.318458297127941, 3.005543159210317, 2.2071108354719073], "episode_rewards": [10.0, 10.0, 10.0, 10.0, 10.0, 10.0, 10.0, 10.0, 10.0, 10.0, 10.0, 10.0, 10.0, 10.0, 10.0, 10.0, 10.0, 10.0, 10.0, 10.0, 10.0, 10.0, 10.0, 10.0, 10.0, 10.0, 10.0, 10.0, 10.0, 10.0, 10.0, 10.0, 10.0, 10.0, 10.0, 10.0, 10.0, 10.0, 10.0, 10.0, 10.0, 10.0, 10.0, 10.0, 10.0, 10.0, 10.0, 10.0, 10.0, 10.0, 10.0, 10.0, 10.0, 10.0, 10.0, 10.0, 10.0, 10.0, 10.0, 10.0, 10.0, 10.0, 10.0, 10.0, 10.0, 10.0, 10.0, 10.0, 10.0, 10.0, 10.0, 10.0, 10.0, 10.0, 10.0, 10.0, 10.0, 10.0, 10.0, 10.0, 10.0, 10.0, 10.0, 10.0, 10.0, 10.0, 10.0, 10.0, 10.0, 10.0, 10.0, 10.0, 10.0, 10.0, 10.0, 10.0, 10.0, 10.0, 10.0, 10.0], "wnum_rews": [0.0, 0.0, 0.0, 0.0, 0.0, 0.0, 0.0, 0.0, 0.0, 0.0, 0.0, 0.0, 0.0, 0.0, 0.0, 0.0, 0.0, 0.0, 0.0, 0.0, 0.0, 0.0, 0.0, 0.0, 0.0, 0.0, 0.0, 0.0, 0.0, 0.0, 0.0, 0.0, 0.0, 0.0, 0.0, 0.0, 0.0, 0.0, 0.0, 0.0, 0.0, 0.0, 0.0, 0.0, 0.0, 0.0, 0.0, 0.0, 0.0, 0.0, 0.0, 0.0, 0.0, 0.0, 0.0, 0.0, 0.0, 0.0, 0.0, 0.0, 0.0, 0.0, 0.0, 0.0, 0.0, 0.0, 0.0, 0.0, 0.0, 0.0, 0.0, 0.0, 0.0, 0.0, 0.0, 0.0, 0.0, 0.0, 0.0, 0.0, 0.0, 0.0, 0.0, 0.0, 0.0, 0.0, 0.0, 0.0, 0.0, 0.0, 0.0, 0.0, 0.0, 0.0, 0.0, 0.0, 0.0, 0.0, 0.0, 0.0], "w_pers": [NaN, NaN, NaN, NaN, NaN, NaN, NaN, NaN, NaN, NaN, NaN, NaN, NaN, NaN, NaN, NaN, NaN, NaN, NaN, NaN, NaN, NaN, NaN, NaN, NaN, NaN, NaN, NaN, NaN, NaN, NaN, NaN, NaN, NaN, NaN, NaN, NaN, NaN, NaN, NaN, NaN, NaN, NaN, NaN, NaN, NaN, NaN, NaN, NaN, NaN, NaN, NaN, NaN, NaN, NaN, NaN, NaN, NaN, NaN, NaN, NaN, NaN, NaN, NaN, NaN, NaN, NaN, NaN, NaN, NaN, NaN, NaN, NaN, NaN, NaN, NaN, NaN, NaN, NaN, NaN, NaN, NaN, NaN, NaN, NaN, NaN, NaN, NaN, NaN, NaN, NaN, NaN, NaN, NaN, NaN, NaN, NaN, NaN, NaN, NaN],