{"chc_total": [19.576263447114908, 39.42710822867158, 34.580113829559565, 10.823257272927291, 11.359837121826587, 4.577780025735185, 10.331850068756845, 56.95783841516081, 9.64297294180424, 15.162382213391394, 9.26396282021595, 50.30553137192124, 16.674628994364273, 20.189329162013774, 9.525470185466132, 31.63289175700773, 24.49758744653549, 93.80798939935407, 20.2369072344315, 25.502695844955994, 20.418298869603472, 9.727618118912206, 11.202052057180461, 14.99823485013919, 9.921184382509951, 42.672804092227615, 9.294706268248026, 25.662264317000943, 9.770862279935962, 37.39797939897254, 12.561799374590121, 33.38529032097393, 90.53541560049153, 70.28849670742868, 9.376759462014874, 9.94327709804221, 35.677827343098585, 63.06124290925009, 71.78204302709531, 9.967116650794365, 12.049636438280318, 16.984841840892543, 7.747333161163941, 92.95910233542492, 12.818846458508759, 18.63134290446052, 14.772423161873988, 13.661796916005157, 27.562285904592922, 68.8690791496001, 29.586038571072873, 13.22602242748883, 36.04627753503291, 107.07137539715944, 25.772323713836823, 70.48674729952377, 12.84815213006108, 15.467895057267981, 10.568795052124464, 63.604180553177684, 48.290005979423846, 14.338540464213423, 13.619465560678748, 9.523260219298633, 16.22830617410214, 30.519478747202754, 12.268007142926825, 25.931849177922444, 18.237037713822584, 13.578621243028705, 36.33816254970655, 56.42033062864453, 52.038439131210716, 14.205386984331398, 13.040513217744895, 36.64069669248047, 10.960413562339033, 19.357078797358568, 42.36105297242046, 46.11983004429575, 31.036856465924462, 9.852821087592687, 12.460468944380244, 57.95838821908697, 27.97455794274507, 10.3337601847878, 21.329048345729934, 34.32413224272593, 45.36929005965464, 34.034355869191735, 26.914566584162614, 15.879645944240941, 20.739896513444346, 9.684012913519256, 25.799307777527485, 17.064157181512154, 17.908687195300487, 15.743302399458294, 13.271303538172305, 28.172552276273887], "path_lengths": [3.8668058516831283, 4.294935592772825, 4.369285377263094, 3.4275964998107344, 4.749425749950756, 1.7594126481204084, 3.917339799024314, 3.998465688015956, 4.046478740214357, 4.3185315468512036, 2.1391123246912507, 2.6525899835390354, 4.368779825792686, 4.02816674933992, 4.169507484347782, 4.554691064700942, 3.8006990026428045, 4.11386385683432, 4.77170820254925, 3.982231159178639, 4.116551423177937, 4.151888429796919, 4.388938979921986, 4.623909701764649, 3.6895311989588913, 4.226956866027752, 3.9731884677544893, 3.7183578158360078, 3.616363052599175, 4.5305852482907385, 4.38102615217466, 3.4358207267491423, 3.8578465921881144, 3.9948874559465017, 3.42225993073385, 4.130927082479069, 4.593054702558178, 4.428813091222133, 3.549287551705643, 4.224231649226289, 4.4171775196265095, 4.202801641807493, 3.772118382670465, 4.400039589337649, 3.7160968041952267, 4.17547080787631, 4.385439916708532, 4.250457484940616, 3.9331566904500104, 4.681780078657952, 4.127277936720358, 4.178494278010091, 4.482279613271474, 4.34788008512044, 4.415223762488887, 3.7523386222676685, 4.063887928864801, 3.9118874617068826, 4.441546779827529, 3.966945652562003, 3.8286755122950353, 3.9744970076627335, 4.099968511995222, 4.310432528546577, 4.142414802942194, 3.84677141858529, 3.9364634606334654, 4.2129664666519915, 4.238339088240855, 4.061763772380133, 3.7416846590180044, 4.379220379995154, 4.609937049557609, 4.068273250808225, 3.5073614307666943, 3.6603907710046535, 4.122521511238003, 4.028732058121412, 4.000136313381963, 3.8621398490715406, 4.269762191848561, 4.058425412091091, 2.1354511782138847, 4.107528853291405, 4.00657716201698, 4.273056631871879, 3.688153541238158, 4.269261121637235, 4.263099889901516, 3.7329705216081748, 3.737202009886394, 4.282561452750717, 4.439098241115135, 3.7766068764246463, 3.8523403609414397, 4.119888195174576, 3.882752192781499, 4.448461173090784, 4.126918949659793, 4.142124721951814], "episode_rewards": [0.8365013747349792, 0.3637523010487924, 0.9114033812452766, 0.2580536662176808, 0.8575217029543027, -0.6055997932364567, 0.9877653653532271, 1.0, 1.0, 0.6911918743767624, -1.6771732990339032, -0.6531519296083098, -0.21409860884024057, 0.9960707748327096, 0.9275164999365547, 0.3206365949119552, 1.0, -0.2064911699894454, 0.6293035497920374, -0.17936284126692614, 0.8294279501353281, 1.0, 0.016161734842612296, 1.0, 1.0, 0.7143687559080082, 0.831109769136612, 0.30736714277698496, 0.916771693294921, 1.0, -0.07199984249964131, -1.5535957790638824, 1.0, 0.6552406344451696, 0.7638141838506953, 1.0, 1.0, 0.6097005193207221, -0.8031899747140663, 0.9851559477774959, 1.0, -0.04012856503138873, 0.49946229854599133, 0.9570590915108222, 0.38099281551321684, 1.0, 0.7217505183308258, 0.9876134267435134, -0.8016483464188042, 0.3667031807466178, 0.5593538385269667, 0.11593308504470667, 1.0, 1.0, 0.9277112221440867, -0.4710703923823678, 1.0, 0.41517015685503245, 0.9244349097507368, 0.4481981594269464, 0.37677318601228105, 1.0, 0.6675263226996826, 0.8928474661111778, -0.30988677439484036, 0.043500822994605115, 0.957962675454992, -0.31951990197478497, 1.0, 1.0, 1.0, 0.9241995360387899, -0.5125539421268064, 0.7692924137643261, 1.0, 0.851317110940518, -0.2129323275403885, -0.15102918015236488, 1.0, 0.23995631632870007, 0.28236684197929207, 1.0, -1.7787330851758794, 0.38184997569728063, 0.9958590564573191, 1.0, 0.4515390364207045, 0.04692197081027838, 0.89433369318253, 0.7665440705075754, 1.0, 0.15022435100188936, 1.0, 1.0, 0.09355972524504785, 0.7650982856504276, 0.573847594090149, 0.3333609526404482, 1.0, 0.9363043023911041], "wnum_rews": [0.8946249620815503, 0.6232699267443604, 0.1815519206588369, 0.6165992034017643, 0.9140724345685365, -0.65756904960814, 0.9566784962581674, 0.8087127649481181, 0.8436709792293455, 0.7821275624205667, -0.9850154087404693, -0.7565177851417053, 0.40425522133513464, 0.8823505995161811, 0.7791469978206731, 0.6579893216269698, 0.5727911927418228, -0.08056624232540899, 0.5124814234423595, 0.029271202145785824, 0.7196062681567212, 0.96059601, 0.18001739957151208, 0.6359077162208451, 0.40926306765111037, 0.8328990898404487, 0.9057874100608052, 0.6477219132620881, 0.7415452064990804, 0.8938304890900735, 0.4252973811243563, -0.5178309512700667, 0.31013263614807074, 0.847903366110137, 0.8756284081812047, 0.9393329754769493, 0.8028453547524015, 0.7191710690677301, -0.7412834833926233, 0.8889310904306049, 0.9181051243329639, 0.528402823379345, 0.57617967698881, 0.9164641334467214, 0.5786305971324148, 0.8518497600419419, 0.6535064545915782, 0.9494654789311123, -0.05099114124316728, 0.42661432029668495, 0.7665929948357566, 0.6084095073476368, 0.8529432149361382, 0.045854068695845185, 0.8063090309315175, 0.08833902019015227, 0.8920987547085586, 0.13108371781347672, 0.9359702352201222, 0.5734614630592985, -0.0363059647526765, 0.7707002893885111, 0.8146098765897187, 0.9253648870443048, -0.03074928043431402, 0.5531932827841662, 0.8626883126279521, 0.30689200927650234, 0.8656532390038822, -0.007966436284377099, 0.8678768421866243, 0.7610771456543257, -0.15920293277043662, 0.8586888195959113, 0.9563890290621018, 0.7571311952390486, 0.31273495108054367, -0.022982824723682682, 0.6515660659767206, 0.693281052237056, 0.6288454794211871, 0.7240179073659725, -0.9817132857979235, 0.6626953129844873, 0.422021067163646, 0.5043995881312171, 0.7008650551672584, -0.06291775681932221, 0.7575096855603451, 0.8638130584762223, 0.96059601, 0.5873230980599076, 0.9478969622982485, 0.9301728910732228, 0.23225269155254874, 0.8838857093848935, 0.7497125771892946, 0.6819022461301685, 0.96059601, 0.779340135126743],