{"chc_total": [3.7415117537196125, 4.8306537889799035, 6.0114833195358965, 5.64222143735161, 2.857959195249078, 3.6169468897153565, 2.2392358930956036, 4.3374843171385855, 2.462333149423641, 2.157614969488951, 3.688223544060321, 4.450430775572738, 2.043782860376714, 2.423142331723335, 3.112069402207045, 4.068043966825319, 5.333323059367041, 3.4294626872920064, 5.169885070343364, 4.8867663965457755, 2.584071049720115, 5.067285091956778, 4.290043608089877, 4.695869336345359, 3.6545621207528165, 5.2180509196879195, 3.4455583587319234, 5.338770236643456, 1.6781996500865415, 5.2590948809158515, 2.164135033732112, 6.029887033436137, 2.870016577359479, 2.7361206601654566, 5.57144472640073, 4.658959414460075, 2.7094646823775608, 6.691057360934641, 5.91709861787554, 5.6367454626814, 3.8249034816677847, 4.620024164712335, 3.0654758844489303, 2.628947360499526, 2.2403532383195417, 6.079368605487387, 5.90763975835275, 2.0152785697787627, 2.297507640177808, 2.86143536070762, 4.335693671450212, 5.106891546894416, 4.769799052564396, 3.5408575146503183, 1.6444009936081119, 6.567186469240511, 5.1031942268454085, 5.8459066466145115, 2.269469795845775, 3.399003396518727, 6.489315830783168, 5.422605328447664, 8.877321133974394, 3.014663869812544, 3.402000736376293, 3.918412618326829, 5.1467884917911135, 6.261721559082837, 3.859889770858472, 6.006300721941221, 4.404471138052321, 3.253757426715688, 3.3499283415036345, 2.8738722456140593, 2.0767878678345784, 2.262931314208662, 2.767669697364241, 5.134432929384353, 5.985979505154003, 5.4178895525579005, 2.248716047892095, 2.934349090612097, 2.9742587941548733, 3.970262056047585, 2.1531729120639205, 3.0437890973062167, 4.56982482701884, 6.149932271177879, 6.296359236951413, 3.8718354070757064, 3.2471559903397824, 5.113745454650344, 3.336944370462674, 3.5748195812845536, 2.934242916253439, 5.297825581592521, 1.7981769314779517, 2.130270074613204, 6.102772419681066, 3.4560556671411065], "path_lengths": [1.8924066010553404, 3.293793400032422, 3.877432036048554, 2.5044354682789156, 1.8549025690087277, 2.89561610866913, 3.132412686464071, 2.363018907236559, 1.6422253707269703, 3.3130100843135706, 3.6152140822130816, 2.844589323524698, 2.189151960842159, 2.0590890712265675, 1.2479475105653568, 3.135941798144812, 2.6540237138153033, 2.494552017048887, 2.032153039365112, 2.328938919859456, 3.953852607024861, 3.470611110572926, 2.5133757064219333, 2.832139248649923, 2.945186268513319, 3.1720795788823084, 2.1119237397961586, 2.793034133401054, 1.6860732777532792, 2.658102796697839, 2.4709468337001623, 2.1739372586409007, 1.9845583273090555, 2.638339666332164, 2.408676436601303, 2.817309140594621, 2.094748724911982, 3.2176158070849206, 2.863810815784844, 2.133281020730677, 3.7175291596792923, 2.9900411449674813, 2.0524085912789816, 2.168058285266927, 2.4451634887193334, 2.4827683592793965, 2.665050546359327, 2.9352022472163144, 1.7741350680798056, 2.119657825958721, 2.7505054941188503, 2.076297774500018, 2.45454748261641, 2.712502002608529, 1.9754368967292337, 2.7732813702883647, 2.6436625975521046, 3.509213370860966, 3.012223526165233, 2.6468811887572796, 1.4778045561340347, 3.4332510899646023, 2.4152367622980657, 1.6516907274097092, 2.80584148920227, 2.8524825153944753, 2.2600330560815083, 2.9949305753815993, 2.25081071287912, 3.3107332955753264, 2.4018114629355534, 2.008593225063927, 2.4067402649967535, 3.3033841936822532, 2.540809869542234, 2.476833861928447, 2.7904960862737864, 3.096723033147099, 3.1455492196700896, 4.296257606952033, 2.3657419846861725, 3.377273902160828, 1.8676545892404803, 1.9854242783171443, 1.6643701229687937, 3.5053569181204054, 3.569169333772261, 1.8089550917831392, 3.589402694855418, 2.3901787300278743, 2.578771832004904, 3.5108258587470296, 2.3210829217940887, 2.322072127054458, 2.7660423126472384, 2.623937100355859, 2.132617215750467, 2.8594913712856527, 3.6097796261964383, 3.120969315059372], "episode_rewards": [10.0, 10.0, 10.0, 10.0, 10.0, 10.0, 10.0, 10.0, 10.0, 10.0, 10.0, 10.0, 10.0, 10.0, 10.0, 10.0, 10.0, 10.0, 10.0, 10.0, 10.0, 10.0, 10.0, 10.0, 10.0, 10.0, 10.0, 10.0, 10.0, 10.0, 10.0, 10.0, 10.0, 10.0, 10.0, 10.0, 10.0, 10.0, 10.0, 10.0, 10.0, 10.0, 10.0, 10.0, 10.0, 10.0, 10.0, 9.98271898705082, 10.0, 10.0, 10.0, 10.0, 10, 10.0, 10.0, 10.0, 10.0, 10.0, 10.0, 10.0, 10.0, 10.0, 10.0, 10.0, 10.0, 10.0, 10.0, 10.0, 10.0, 10.0, 10.0, 10.0, 10.0, 10.0, 10.0, 10.0, 10.0, 10.0, 10.0, 10.0, 10.0, 10.0, 10.0, 10.0, 10.0, 10.0, 10.0, 10.0, 10.0, 10.0, 10.0, 10.0, 10.0, 10.0, 10.0, 10.0, 10.0, 10.0, 10.0, 10.0], "wnum_rews": [0.0, 0.0, 0.0, 0.0, 0.0, 0.0, 0.0, 0.0, 0.0, 0.0, 0.0, 0.0, 0.0, 0.0, 0.0, 0.0, 0.0, 0.0, 0.0, 0.0, 0.0, 0.0, 0.0, 0.0, 0.0, 0.0, 0.0, 0.0, 0.0, 0.0, 0.0, 0.0, 0.0, 0.0, 0.0, 0.0, 0.0, 0.0, 0.0, 0.0, 0.0, 0.0, 0.0, 0.0, 0.0, 0.0, 0.0, 0.0, 0.0, 0.0, 0.0, 0.0, 0.0, 0.0, 0.0, 0.0, 0.0, 0.0, 0.0, 0.0, 0.0, 0.0, 0.0, 0.0, 0.0, 0.0, 0.0, 0.0, 0.0, 0.0, 0.0, 0.0, 0.0, 0.0, 0.0, 0.0, 0.0, 0.0, 0.0, 0.0, 0.0, 0.0, 0.0, 0.0, 0.0, 0.0, 0.0, 0.0, 0.0, 0.0, 0.0, 0.0, 0.0, 0.0, 0.0, 0.0, 0.0, 0.0, 0.0, 0.0], "w_pers": [NaN, NaN, NaN, NaN, NaN, NaN, NaN, NaN, NaN, NaN, NaN, NaN, NaN, NaN, NaN, NaN, NaN, NaN, NaN, NaN, NaN, NaN, NaN, NaN, NaN, NaN, NaN, NaN, NaN, NaN, NaN, NaN, NaN, NaN, NaN, NaN, NaN, NaN, NaN, NaN, NaN, NaN, NaN, NaN, NaN, NaN, NaN, NaN, NaN, NaN, NaN, NaN, NaN, NaN, NaN, NaN, NaN, NaN, NaN, NaN, NaN, NaN, NaN, NaN, NaN, NaN, NaN, NaN, NaN, NaN, NaN, NaN, NaN, NaN, NaN, NaN, NaN, NaN, NaN, NaN, NaN, NaN, NaN, NaN, NaN, NaN, NaN, NaN, NaN, NaN, NaN, NaN, NaN, NaN, NaN, NaN, NaN, NaN, NaN, NaN],