{"chc_total": [37.70579876285569, 33.0063156120904, 54.6079982143426, 59.238745724699584, 54.435483636944014, 22.6916097447641, 59.73537042910834, 42.64226937167799, 27.396448731450914, 50.9687421779429, 77.37451110029515, 86.7256840148131, 31.523330480668573, 56.3283513959484, 78.69689521912366, 196.62725731141055, 46.126253208672225, 62.54627362177214, 17.605658970019157, 52.390733372009414, 46.12197315248517, 65.66419293442397, 89.2239439719834, 39.731758814616185, 22.168468395059485, 95.51792990487137, 23.829764369965694, 26.72623506081129, 37.90871259908969, 26.012380719672286, 38.42137451574058, 33.75118129594644, 32.311493287141204, 39.23194580495317, 40.10090662606053, 52.49019916315682, 24.592454864631506, 50.54531486236627, 87.1417649799615, 58.12012906362696, 40.11686714669215, 21.433102028477094, 34.54516614986793, 47.41062222009937, 27.38185076446348, 67.11477819778558, 30.451074365505217, 103.97598755009469, 133.08755857129972, 38.49135103359102, 60.98901895616016, 34.920746678761674, 23.765536341726474, 58.09318739306531, 15.362828107743647, 69.9782619553182, 74.37660489839723, 39.19966872528425, 65.84878808172633, 18.94739869338599, 26.895132883189127, 56.00144971657445, 40.135120587194244, 5.191369944113039, 49.333412033754755, 44.73375461416266, 36.55348902110993, 39.18168333022549, 28.57779158144342, 16.566187741484505, 32.81999075447514, 25.863966175295822, 69.1387960925108, 40.502980893988784, 30.330139110058656, 15.382373264178607, 27.23003008535979, 48.50835209412012, 32.40320246334178, 28.942848037968144, 58.0635488939043, 25.552565184152684, 29.1219611810483, 57.22773270978583, 32.510470301125665, 45.11230952644189, 94.66035888991955, 42.95730956697193, 85.8065740086944, 63.81817277214469, 145.17707683057864, 41.778110188857134, 28.231458151339616, 71.87042832526059, 39.233419536707814, 38.53130320871136, 65.21338364924699, 23.090972511909346, 22.332666331333954, 32.379408010769474], "path_lengths": [3.896521646532238, 4.285029660801326, 4.448575637592603, 4.577014945754703, 3.666543932535844, 3.4930955061528186, 4.1450485523542175, 4.204114045595394, 3.8903837496537514, 4.289538265889869, 4.354831381328523, 4.509352543201497, 3.835510534514092, 4.21471800796317, 4.974745536417233, 4.45507817518294, 4.1030617552383095, 2.4839885672570636, 4.1632329422312395, 4.214787164987245, 4.24428252896203, 4.572741425851497, 4.150003143997996, 4.500003258824917, 4.025143846787866, 4.699091170188214, 3.8144209616981923, 4.35385677029205, 4.293327328602411, 4.222912222908574, 4.559815391468498, 1.9128384926446216, 4.548498269175035, 4.29329944360466, 4.348795811217679, 4.1689383134514735, 4.12195910822999, 4.130199880405027, 4.0391701293706115, 4.390157007911631, 4.168641254070674, 4.071065045443964, 4.026535531641247, 4.107653443145578, 4.62070625791837, 4.331751512644291, 4.453454974349392, 4.787104589796236, 4.409862431004441, 4.50072232964999, 4.3760484020619925, 2.459106340950604, 4.042370983210884, 4.19539209214614, 4.115357062105751, 4.6160703804687095, 4.007993365664566, 4.134832372714181, 4.455984413421069, 4.085008066998654, 4.42727288333129, 4.171960846312765, 4.605352817150996, 1.9774888793845533, 3.482489548343895, 4.225514095324206, 4.4776506687784075, 3.912792610826178, 4.4739563187869305, 3.9997744387635024, 4.17474292269985, 4.185616609363785, 4.504889890548184, 4.084676539443081, 4.164763159596369, 4.16508100635442, 4.318300829652435, 4.818132866463692, 4.205060631992862, 3.9626406099647893, 4.396983963587828, 3.5931937354000345, 3.984888570470397, 4.439549600673724, 4.406335442179618, 4.222664948717727, 4.667081774972485, 4.291940802284085, 4.159165246936335, 4.280712859263038, 4.553741562333058, 4.206007726212789, 4.166434975375454, 4.368498966971633, 4.397389173528586, 4.571251343428884, 4.0005698460538195, 4.451308693896804, 3.9091141859224168, 4.248481110318175], "episode_rewards": [9.651473516361552, 9.640205163000449, 9.573464657669808, 9.439986913687854, 10.0, -0.1400353065544201, 10.0, 10.0, 10.0, 10.0, 8.65259870818974, 8.391044845928558, 10.0, 9.74455132991947, 9.516642147432815, 9.39784420265524, 8.943362787192664, 0.0, 9.941541413962016, 8.339663475920823, 8.218668336294366, 10.0, 9.744810051268846, 10.0, -10.43560223758909, 9.86997259889132, 9.258711240761928, 10.0, 8.49808229372956, 10.0, 9.718889430866883, -0.579768793478221, 10.0, 9.881242465719115, 9.197643468212519, 9.479835163731668, 9.848559650029449, 7.041008534484254, 10.0, 9.956504075448182, 9.78826892617958, 9.154211870100626, 9.924203362914712, 9.606434665400645, 9.210307947802237, 8.91978976231275, 10.0, 10.0, 9.804942146520235, 10.0, 7.889773264177576, -0.4651080406902464, 9.934678884802977, 10.0, 10.0, 6.831652203621694, 10.0, 10.0, 8.903645060192058, 9.915006964654538, 9.9982627365925, 9.89269925759251, 10.0, 0.0, 0.0, 9.999296862524847, 10.0, 9.914178404545318, 10.0, 9.963934134166145, 10.0, 9.921538240424281, 10.0, 9.268168349159177, 9.836995852608279, 8.319960813562771, 8.260167071561469, 10.0, 9.955181634888953, 6.7010190208893485, 9.249553860842191, -0.08043308054441256, 8.842213331155639, 8.712906302585509, 9.561500982831978, 9.235916807338675, 7.580125299588195, 10.0, 9.975149901704164, 9.189752320438858, 9.667513057740901, 10.0, 9.36581628808234, 8.865054794659471, 9.9913067541624, 8.484671838434517, 9.339450252727875, 10.0, 9.049282125921906, 9.443356066565695], "wnum_rews": [0.0, 0.0, 0.0, 0.0, 0.0, 0.0, 0.0, 0.0, 0.0, 0.0, 0.0, 0.0, 0.0, 0.0, 0.0, 0.0, 0.0, 0.0, 0.0, 0.0, 0.0, 0.0, 0.0, 0.0, 0.0, 0.0, 0.0, 0.0, 0.0, 0.0, 0.0, 0.0, 0.0, 0.0, 0.0, 0.0, 0.0, 0.0, 0.0, 0.0, 0.0, 0.0, 0.0, 0.0, 0.0, 0.0, 0.0, 0.0, 0.0, 0.0, 0.0, 0.0, 0.0, 0.0, 0.0, 0.0, 0.0, 0.0, 0.0, 0.0, 0.0, 0.0, 0.0, 0.0, 0.0, 0.0, 0.0, 0.0, 0.0, 0.0, 0.0, 0.0, 0.0, 0.0, 0.0, 0.0, 0.0, 0.0, 0.0, 0.0, 0.0, 0.0, 0.0, 0.0, 0.0, 0.0, 0.0, 0.0, 0.0, 0.0, 0.0, 0.0, 0.0, 0.0, 0.0, 0.0, 0.0, 0.0, 0.0, 0.0], "w_pers": [NaN, NaN, NaN, NaN, NaN, NaN, NaN, NaN, NaN, NaN, NaN, NaN, NaN, NaN, NaN, NaN, NaN, NaN, NaN, NaN, NaN, NaN, NaN, NaN, NaN, NaN, NaN, NaN, NaN, NaN, NaN, NaN, NaN, NaN, NaN, NaN, NaN, NaN, NaN, NaN, NaN, NaN, NaN, NaN, NaN, NaN, NaN, NaN, NaN, NaN, NaN, NaN, NaN, NaN, NaN, NaN, NaN, NaN, NaN, NaN, NaN, NaN, NaN, NaN, NaN, NaN, NaN, NaN, NaN, NaN, NaN, NaN, NaN, NaN, NaN, NaN, NaN, NaN, NaN, NaN, NaN, NaN, NaN, NaN, NaN, NaN, NaN, NaN, NaN, NaN, NaN, NaN, NaN, NaN, NaN, NaN, NaN, NaN, NaN, NaN],