{"chc_total": [53.2587583836495, 98.72726464573728, 153.7503103546103, 31.85829787496498, 109.98703168606752, 159.56251940921848, 74.93268618216607, 151.62512419993564, 65.5126004532956, 208.7171516036342, 51.489220409674544, 121.22762543211329, 74.16467678048437, 124.50720406415591, 42.584729287366244, 40.68723922360976, 95.79363920483144, 143.06271053233795, 38.78100742700607, 162.7917751193626, 79.29365190945035, 125.90136678424324, 107.84647462861048, 133.62838909090712, 36.64032282169906, 120.37584313456462, 44.29305623148859, 83.73660900414059, 61.78869821657544, 34.92319588291658, 90.18837891796515, 140.79975565860968, 78.10109190612721, 84.46086403271354, 42.510564947588634, 103.6059068408858, 41.97194710030883, 55.093917714778186, 49.80984322746698, 73.24804845631479, 183.02403310890568, 47.924732622939906, 107.16746801857862, 77.62175537640644, 31.33368724423418, 68.4836855024879, 164.02327685204796, 109.06424639188954, 174.80777243263168, 117.84953442486442, 78.6330294635894, 61.70369401187391, 103.39498439120867, 95.7793880710071, 76.26764233490772, 58.223315056681464, 122.28858389439105, 77.92144950091225, 74.55760181203452, 44.19213914259208, 39.16694507833473, 136.57165859531574, 73.26378483484507, 78.79403231611703, 133.13072692510156, 82.36788197085835, 30.581112030132477, 68.48298811366303, 81.72962353454457, 82.91398516569795, 62.883992680617055, 24.13771306137381, 109.64162041623831, 112.40824296121934, 49.88880269594225, 219.58878929224846, 77.08614208169413, 71.19043410705919, 145.97763914549682, 68.61133685813462, 67.57334366705405, 72.97713241655545, 43.81859210848699, 75.0382040518029, 114.9002873711703, 68.45383912749, 106.32549694603244, 69.2384191327383, 126.41770124676961, 119.15217153326371, 57.188197246216006, 114.35701474345706, 48.507794460056594, 86.62934776164181, 51.363404430960806, 53.683299858616905, 85.95491484346655, 57.388726303844166, 65.48551887020638, 45.56126285472888], "path_lengths": [3.9383599632562083, 4.657811995182405, 4.738815028265748, 4.423396817149862, 3.802093409299103, 4.29830212597311, 4.441739242368984, 4.747878806806098, 4.103887099548672, 4.711020324707689, 4.38943734261655, 4.861106669668219, 4.115057882183442, 4.516773751084289, 4.86625452627904, 4.272906004758229, 4.300316085167987, 4.226423142752607, 4.2687033618275105, 4.532358289553116, 4.321414747241997, 4.743382825300613, 4.275734956617471, 4.7688181033962795, 4.331183092381046, 4.753199628754364, 3.9681879679886336, 4.519508767281489, 4.635314988811043, 4.343036133669023, 4.738766904036813, 4.571234868435551, 4.621652162034438, 4.4279722174303995, 4.389843717234832, 4.5102416861223755, 4.216914634578983, 4.223398909199676, 4.125641655186287, 4.574745892089718, 4.588277854526002, 4.264338616459632, 4.278489554287108, 4.277424253947938, 4.4465339084780995, 4.362813402287026, 5.041779370817528, 4.860637049330168, 4.592055471527024, 4.762759022720745, 4.430666168981398, 4.471075944403191, 4.2320938075389005, 4.288608201375391, 4.381445291963505, 4.851708200929353, 4.2134706555131425, 4.2577574612154185, 4.634124165437877, 4.089369444548011, 4.493073546335999, 4.4866601449724275, 4.878528894395936, 4.475352101663218, 4.475895692290663, 4.399513501241433, 4.537280938888399, 3.9977412075952374, 4.632622261270605, 4.142749316008697, 4.3529428370355845, 4.160984763128831, 4.718517309600033, 4.161232295563432, 4.198247126777891, 4.879781356552158, 4.6599287672740015, 4.932929678653637, 4.623151700236155, 4.220351460854314, 4.453856009648121, 4.4511385495840115, 4.076529107893142, 4.631972858455431, 5.027042874300517, 4.272804115283678, 4.624247991339901, 4.447290292799751, 4.273714292533306, 4.455181200544297, 4.227690397258199, 4.5598310036160585, 4.254485288148169, 4.481115525461076, 4.443869904711358, 4.636488918555842, 4.134818632479831, 4.695809231558248, 4.138496787302965, 4.332575324769631], "episode_rewards": [10.0, 9.921947605944725, 10.0, 10.0, 10.0, 10.0, 9.164486319583316, 10.0, 10.0, 10.0, 10.0, 8.999115523061615, 10.0, 10.0, 10.0, 10.0, 10.0, 10.0, 10.0, 10.0, 9.872839140513017, 10.0, 9.501137583939352, 10.0, 9.063454953055148, 10.0, 9.843324827313802, 10.0, 10.0, 10.0, 10.0, 10.0, 9.791967687050082, 10.0, 10.0, 8.750826122423339, 10.0, 10.0, 10.0, 10.0, 10.0, 9.982625339758092, 10.0, 10.0, 10.0, 9.122133329638581, 10.0, 10.0, 10.0, 9.88746337300552, 9.973787901307738, 10.0, 9.765336209988755, 10.0, 9.987568127177823, 9.955661891881086, 9.64221183237849, 9.696268117900871, 9.473139269203443, 10.0, 10.0, 10.0, 9.792770727533654, 10.0, 9.883753292138437, 10.0, 10.0, 10.0, 10.0, 10.0, 9.876960865289968, 10.0, 10.0, 10.0, 9.95225711617089, 9.725155301449709, 9.999779890822891, 10.0, 10.0, 9.966596626456077, 9.841134837053211, 10.0, 9.034440614045876, 10.0, 10.0, 10.0, 9.68575015392029, 10.0, 10.0, 10.0, 10.0, 10.0, 10.0, 10.0, 10.0, 10.0, 10.0, 10.0, 10.0, 9.296669480496979], "wnum_rews": [0.0, 0.0, 0.0, 0.0, 0.0, 0.0, 0.0, 0.0, 0.0, 0.0, 0.0, 0.0, 0.0, 0.0, 0.0, 0.0, 0.0, 0.0, 0.0, 0.0, 0.0, 0.0, 0.0, 0.0, 0.0, 0.0, 0.0, 0.0, 0.0, 0.0, 0.0, 0.0, 0.0, 0.0, 0.0, 0.0, 0.0, 0.0, 0.0, 0.0, 0.0, 0.0, 0.0, 0.0, 0.0, 0.0, 0.0, 0.0, 0.0, 0.0, 0.0, 0.0, 0.0, 0.0, 0.0, 0.0, 0.0, 0.0, 0.0, 0.0, 0.0, 0.0, 0.0, 0.0, 0.0, 0.0, 0.0, 0.0, 0.0, 0.0, 0.0, 0.0, 0.0, 0.0, 0.0, 0.0, 0.0, 0.0, 0.0, 0.0, 0.0, 0.0, 0.0, 0.0, 0.0, 0.0, 0.0, 0.0, 0.0, 0.0, 0.0, 0.0, 0.0, 0.0, 0.0, 0.0, 0.0, 0.0, 0.0, 0.0], "w_pers": [NaN, NaN, NaN, NaN, NaN, NaN, NaN, NaN, NaN, NaN, NaN, NaN, NaN, NaN, NaN, NaN, NaN, NaN, NaN, NaN, NaN, NaN, NaN, NaN, NaN, NaN, NaN, NaN, NaN, NaN, NaN, NaN, NaN, NaN, NaN, NaN, NaN, NaN, NaN, NaN, NaN, NaN, NaN, NaN, NaN, NaN, NaN, NaN, NaN, NaN, NaN, NaN, NaN, NaN, NaN, NaN, NaN, NaN, NaN, NaN, NaN, NaN, NaN, NaN, NaN, NaN, NaN, NaN, NaN, NaN, NaN, NaN, NaN, NaN, NaN, NaN, NaN, NaN, NaN, NaN, NaN, NaN, NaN, NaN, NaN, NaN, NaN, NaN, NaN, NaN, NaN, NaN, NaN, NaN, NaN, NaN, NaN, NaN, NaN, NaN],