{"chc_total": [8.15929476133413, 4.207038973810364, 3.1587466445620103, 3.044932530345254, 6.51551899200912, 2.6778058199493016, 8.278841964089356, 3.657665891765293, 6.103356835399713, 4.336728167963839, 6.955586329880532, 8.326749784350884, 2.8040592410618097, 5.903512769030408, 2.6199296059282142, 6.076840815018883, 4.7392667180529084, 9.161927351689023, 4.239173598133519, 3.9921886850161394, 10.768100936090374, 5.431386147884008, 2.694154477885767, 7.142508750494588, 2.2855140818956508, 5.7565607398237, 3.3255194267074932, 3.2469890894070788, 3.462923036564136, 2.686167589825298, 2.6758687570311492, 6.781641548467528, 6.858890357424994, 5.557381238849123, 5.273994005670032, 4.312085758706867, 2.434737904067056, 7.331538892296658, 5.84341403619314, 4.145751607408341, 6.078758385478698, 3.012130848617212, 3.38339019580987, 5.7165081584900035, 1.9350611375311597, 2.810481316666322, 4.592948348863966, 5.617310323924145, 6.965277654669689, 5.672919573198216, 4.639936098764077, 5.153118134183504, 4.1224502205585924, 5.033520702679811, 4.917337823605228, 2.0481509380019682, 6.640234736587819, 4.061577679094301, 4.398012818680182, 2.6888807069546736, 5.401333516838138, 8.759514860985192, 4.758282232578011, 5.055359337812521, 4.940576625166708, 3.164436188908455, 2.17157847060257, 3.461506931452269, 4.303384330560011, 6.377519212718642, 4.1137643754627575, 2.712491189310076, 7.696704094279352, 4.109014940205588, 2.915882828921652, 4.71793990856102, 2.8095958565315535, 2.9883720360269206, 2.9017074703775534, 3.086078133088288, 7.077200149061923, 2.2176249630250844, 5.100722743364953, 5.61158265101367, 2.944077797914621, 6.725379172613563, 8.164234008005948, 5.856853947308564, 5.5192461453724775, 11.398342120162521, 5.970949169956794, 5.719096020536413, 2.4962423019036626, 5.471741581094708, 2.810200545297544, 5.493061487221392, 3.6656896001635118, 3.6797469300817127, 3.9695504594117414, 3.862302465022927], "path_lengths": [3.4059107701319933, 4.22865573333252, 4.371744567713747, 4.341981484602804, 1.8199650587462628, 3.7794821309081734, 4.029232250853413, 4.159030689144286, 4.0259423428769185, 4.187126841303766, 1.7471984132997818, 3.416195413218791, 3.7531903272869345, 4.193282785567812, 4.4929738191551305, 4.232521017730751, 4.1745992635171705, 5.207790967048773, 4.1637212139148785, 3.945666265547466, 5.320662830083636, 4.477458870654194, 3.9743587643028633, 4.430814855512255, 4.255575785868285, 4.556398748156257, 3.856778278901049, 4.27174940010554, 4.471658884913062, 4.166432739534303, 4.5104668540381665, 4.141247577634617, 4.410492280781958, 4.288106959249829, 4.26180487714589, 4.285445141989578, 2.2679393047640573, 4.2368234388089805, 3.8760422760920834, 4.245435105644138, 4.184075979103821, 4.0237685315219425, 4.012810584186005, 4.0579512419048065, 4.3400394598055065, 4.294022230827134, 4.516704124969651, 4.633740757008261, 4.22407827304142, 4.340308392272803, 4.1507384672272645, 4.286979395230446, 4.203286940464817, 4.34733311643999, 4.087788204565057, 4.337678048819401, 4.014737873649159, 1.836308592435093, 4.318279928774636, 1.8087742407905147, 4.513873211828704, 4.310916892231718, 4.550729040021423, 4.1679929405472125, 4.254704914740362, 4.272730573083954, 4.388953995344916, 2.2633050835682833, 4.319820787752766, 4.000908238900188, 4.214069278028836, 4.179888871415086, 4.477727895807248, 4.30894315561183, 4.101958260306549, 4.116398270924213, 4.287928758337559, 4.726961905950146, 4.140706754771242, 4.01944649722746, 4.355212405867534, 4.084181843088947, 4.410069421879486, 4.452909760754976, 4.302853319404224, 4.188193486469601, 4.590922510719437, 4.36541369332482, 1.6531908788552456, 4.2311816376845215, 3.345706986574792, 4.299339579970943, 3.989963423529466, 4.254694549905438, 4.2612388181973975, 4.531485563893662, 1.617937576772945, 4.487756356499695, 1.7828907425717895, 4.361931228431688], "episode_rewards": [-0.007996841029894702, 10.0, 10.0, 10.0, 0.0, 9.986517109192715, 10.0, 9.992822242219527, 10.0, 10.0, 0.0, 0.0, 9.96996262141377, 10.0, 10.0, 10.0, 10.0, 10.0, 10.0, 10.0, 10.0, 10.0, 10.0, 10.0, 10.0, 10.0, 10.0, 9.997871555244396, 10.0, 10.0, 10.0, 9.994865223322371, 10.0, 10.0, 10.0, 10.0, 0.0, 10.0, 10.0, 10.0, 10.0, 10.0, 10.0, 10.0, 10.0, 10.0, 10.0, 10.0, 10.0, 10.0, 10.0, 10.0, 10.0, 10.0, 10.0, 10.0, 10.0, 0.0, 10.0, 0.0, 10.0, 10.0, 10.0, 10.0, 10.0, 10.0, 10.0, 0.0, 10.0, 10.0, 10.0, 9.996178723310456, 10.0, 9.98908555781701, 10.0, 10.0, 10.0, 10.0, 10.0, 10.0, 10.0, 10.0, 10.0, 9.998393005331339, 9.997633370646946, 10.0, 10.0, 10.0, 0.0, 10.0, 0.0, 10.0, 10.0, 10.0, 10.0, 10.0, 0.0, 10.0, 0.0, 10.0], "wnum_rews": [0.0, 0.0, 0.0, 0.0, 0.0, 0.0, 0.0, 0.0, 0.0, 0.0, 0.0, 0.0, 0.0, 0.0, 0.0, 0.0, 0.0, 0.0, 0.0, 0.0, 0.0, 0.0, 0.0, 0.0, 0.0, 0.0, 0.0, 0.0, 0.0, 0.0, 0.0, 0.0, 0.0, 0.0, 0.0, 0.0, 0.0, 0.0, 0.0, 0.0, 0.0, 0.0, 0.0, 0.0, 0.0, 0.0, 0.0, 0.0, 0.0, 0.0, 0.0, 0.0, 0.0, 0.0, 0.0, 0.0, 0.0, 0.0, 0.0, 0.0, 0.0, 0.0, 0.0, 0.0, 0.0, 0.0, 0.0, 0.0, 0.0, 0.0, 0.0, 0.0, 0.0, 0.0, 0.0, 0.0, 0.0, 0.0, 0.0, 0.0, 0.0, 0.0, 0.0, 0.0, 0.0, 0.0, 0.0, 0.0, 0.0, 0.0, 0.0, 0.0, 0.0, 0.0, 0.0, 0.0, 0.0, 0.0, 0.0, 0.0], "w_pers": [NaN, NaN, NaN, NaN, NaN, NaN, NaN, NaN, NaN, NaN, NaN, NaN, NaN, NaN, NaN, NaN, NaN, NaN, NaN, NaN, NaN, NaN, NaN, NaN, NaN, NaN, NaN, NaN, NaN, NaN, NaN, NaN, NaN, NaN, NaN, NaN, NaN, NaN, NaN, NaN, NaN, NaN, NaN, NaN, NaN, NaN, NaN, NaN, NaN, NaN, NaN, NaN, NaN, NaN, NaN, NaN, NaN, NaN, NaN, NaN, NaN, NaN, NaN, NaN, NaN, NaN, NaN, NaN, NaN, NaN, NaN, NaN, NaN, NaN, NaN, NaN, NaN, NaN, NaN, NaN, NaN, NaN, NaN, NaN, NaN, NaN, NaN, NaN, NaN, NaN, NaN, NaN, NaN, NaN, NaN, NaN, NaN, NaN, NaN, NaN],