{"chc_total": [30.473448739820988, 30.630528372500482, 28.82411259668634, 13.194689145077131, 58.19800390775092, 36.52101459798134, 24.975661596038854, 21.598449493429825, 26.782077371852985, 15.2367243699105, 21.205750411731106, 30.47344873982099, 72.57079029792423, 17.907078125461826, 22.305307840487526, 26.310838473814517, 77.36171909464868, 21.048670779051616, 31.41592653589793, 43.668137884898115, 23.09070600388498, 38.641589639154446, 19.870573533955437, 47.35950925286612, 2.199114857512855, 29.295351494724816, 16.336281798666924, 40.52654523130834, 18.064157758141302, 14.844025288211771, 32.908183046353074, 16.807520696705392, 28.50995333132737, 62.67477343911637, 27.01769682087221, 41.39048321104552, 23.32632545290421, 51.36503988619312, 25.52544031041707, 92.83406291357848, 22.933626371205488, 15.393804002589984, 3.769911184307753, 17.278759594743864, 14.058627124814322, 31.02322745419921, 9.73893722612836, 42.175881374442966, 40.84070449666731, 21.991148575128552, 17.43583922742335, 32.20132469929538, 21.048670779051612, 45.16039439535327, 27.567475535250434, 25.603980126756806, 26.310838473814506, 30.709068188840234, 44.92477494633404, 35.49999698556465, 16.80752069670539, 21.048670779051616, 29.53097094374406, 6.3617251235193315, 80.4247719318987, 26.38937829015425, 29.530970943744045, 6.832964021557801, 30.316369107141497, 16.17920216598743, 13.273228961416876, 13.74446785945535, 21.75552912610932, 40.055306333269854, 36.44247478164159, 55.841809417558565, 23.561944901923447, 32.59402378099411, 30.709068188840227, 21.519909677090077, 69.7433569096934, 17.985617941801564, 40.76216468032756, 43.58959806855838, 9.032078879070657, 39.19136835353267, 26.38937829015426, 12.487830798019427, 31.730085801256898, 21.205750411731103, 30.94468763785946, 41.94026192542374, 6.911503837897547, 35.49999698556466, 14.451326206513048, 22.54092728950676, 21.28429022807085, 17.671458676442587, 8.874999246391166, 13.194689145077135], "path_lengths": [4.293868841449715, 4.506414821002762, 4.326648939103361, 4.347819359511719, 4.713486011938369, 4.426389710880656, 4.127494098191147, 4.3384938926188585, 4.34173670882648, 4.248421035104961, 4.520162417196088, 4.839880173898379, 3.186643337724214, 4.253383024760415, 4.751574975530322, 2.3981718213898913, 5.443811316808173, 4.254479658691384, 2.3436471499932865, 4.579632849638311, 4.231480642218743, 4.6080015677539645, 4.330554900714174, 4.847168714338794, 1.3232942430332963, 4.651071968890681, 1.9249796365710587, 2.6436789343720006, 4.276005636165381, 4.220258745190028, 4.732982760235164, 4.2938257673225735, 4.509788451892592, 5.139599791579032, 4.6851582823769835, 4.922264058805373, 4.626860031805736, 4.665680641290564, 3.921687199260842, 6.02389585219904, 4.207043962750364, 2.222711681744879, 1.6258735423420057, 2.2477383596407603, 4.437262297322943, 4.504345570185648, 2.1872857116987037, 5.017898235858937, 4.262099062680511, 4.555436891350266, 4.20030939406063, 4.57890858478024, 4.7154237816551605, 4.877963908455903, 4.209661605257062, 4.767250741977756, 4.193548020885278, 2.4052614632635905, 4.845085869944898, 4.535986961481773, 4.496664712308161, 4.427495125959153, 4.785205156909564, 1.9955198859035825, 5.178265793351578, 4.286471127356791, 4.834146767372067, 1.581647121516649, 4.697426042783277, 4.020014483740414, 4.1266201550079735, 4.1891241570386075, 4.511318158595157, 4.290676878816174, 4.731379389586995, 4.855032658778337, 4.433345653226155, 4.8483249008196765, 4.593894629162152, 4.172394179264432, 5.192595489967685, 4.140725943299998, 4.5160978957479045, 4.933326178420432, 2.0020274946309997, 4.52223346898691, 4.5317803095355345, 4.27867363262029, 4.370368140178837, 4.243316480153231, 4.161229016367142, 4.900597169258602, 3.9916799573906365, 4.761010766375479, 4.419931071732922, 4.672955070335286, 3.958125557171145, 4.607020103292787, 1.7775288062157117, 4.248891911088589], "episode_rewards": [7.011699346727225, 7.623554347154396, 7.964603240790344, 8.254184130448884, 5.456337613696643, 5.5829751618277905, 8.207664040750128, 6.319961090112016, 6.18301908736517, 8.909960551641527, 8.32110933722756, 6.060178713846361, -6.5735072303065225, 7.0433750528129595, 8.355137552154838, -12.235126651866068, 4.586850526015319, 7.767865751930867, -12.303358586700115, 6.391067844418329, 9.025076061609148, 6.938626142445308, 7.819865837029303, 6.941487807360685, 0.0, 9.445353487255366, -1.3719464785885207, -2.0547484877825886, 7.843574294904512, 7.913366205985947, 6.702967313928499, 6.103820959279168, 9.133334063639511, 5.216540782297374, 7.528834034763326, 7.026886870907058, 6.940986018546063, 5.374560539277632, 7.8688811460762995, 5.890405424381944, 9.156002537637692, -3.0321525797270166, 0.0, -0.8734810714484688, 8.99990844162916, 3.62434081102327, -11.155958117152101, 7.683340832277349, 8.104888942067591, 6.702497477853482, 7.431884189419737, 6.6241518066081895, 2.429776155088917, 8.986726295984402, 8.637344496509254, 7.989779004418955, 7.334119827374583, -2.855698343336368, 6.692821955354928, 7.665338056775506, 8.23838095996125, 8.299260125498686, 8.096403496972137, -0.5345479867200998, 7.561033413964093, 8.502361265291237, 7.691567463567088, -11.464763617493963, 6.764351577788279, 8.292878175718279, 8.112220540089, 8.506119974518814, 9.949954335058594, 6.064710510910598, 7.849154035137808, 6.020159562402343, 9.216378540114583, 8.61559786247808, 9.350619714675487, 8.829167885793423, 6.214185866579559, 9.024153894346352, 5.9324222167174465, 7.008169345241534, -11.729906741995679, 6.0602685679632575, 8.755189838460536, 7.224852706062199, 8.250440646504682, 9.287288502823513, 7.8478205237815715, 5.691025103969172, 8.864273291900512, 5.732459340994768, 8.906153293431611, 8.943287536893934, 7.623932693307357, 7.972275256933386, -0.41650669583755506, 7.597603177677447], "wnum_rews": [0.0, 0.0, 0.0, 0.0, 0.0, 0.0, 0.0, 0.0, 0.0, 0.0, 0.0, 0.0, 0.0, 0.0, 0.0, 0.0, 0.0, 0.0, 0.0, 0.0, 0.0, 0.0, 0.0, 0.0, 0.0, 0.0, 0.0, 0.0, 0.0, 0.0, 0.0, 0.0, 0.0, 0.0, 0.0, 0.0, 0.0, 0.0, 0.0, 0.0, 0.0, 0.0, 0.0, 0.0, 0.0, 0.0, 0.0, 0.0, 0.0, 0.0, 0.0, 0.0, 0.0, 0.0, 0.0, 0.0, 0.0, 0.0, 0.0, 0.0, 0.0, 0.0, 0.0, 0.0, 0.0, 0.0, 0.0, 0.0, 0.0, 0.0, 0.0, 0.0, 0.0, 0.0, 0.0, 0.0, 0.0, 0.0, 0.0, 0.0, 0.0, 0.0, 0.0, 0.0, 0.0, 0.0, 0.0, 0.0, 0.0, 0.0, 0.0, 0.0, 0.0, 0.0, 0.0, 0.0, 0.0, 0.0, 0.0, 0.0], "w_pers": [NaN, NaN, NaN, NaN, NaN, NaN, NaN, NaN, NaN, NaN, NaN, NaN, NaN, NaN, NaN, NaN, NaN, NaN, NaN, NaN, NaN, NaN, NaN, NaN, NaN, NaN, NaN, NaN, NaN, NaN, NaN, NaN, NaN, NaN, NaN, NaN, NaN, NaN, NaN, NaN, NaN, NaN, NaN, NaN, NaN, NaN, NaN, NaN, NaN, NaN, NaN, NaN, NaN, NaN, NaN, NaN, NaN, NaN, NaN, NaN, NaN, NaN, NaN, NaN, NaN, NaN, NaN, NaN, NaN, NaN, NaN, NaN, NaN, NaN, NaN, NaN, NaN, NaN, NaN, NaN, NaN, NaN, NaN, NaN, NaN, NaN, NaN, NaN, NaN, NaN, NaN, NaN, NaN, NaN, NaN, NaN, NaN, NaN, NaN, NaN],