{"chc_total": [29.28825256319896, 15.670478853365102, 11.059531679945435, 7.830014521587673, 6.460071517070648, 14.595955686776074, 9.444528576292734, 20.757731435027775, 6.333563444794535, 9.823518753226812, 9.441472281392063, 4.667909892243894, 8.037533760023457, 12.139734588685759, 10.106442775443151, 6.827832745846328, 7.408966661856416, 11.602486049716694, 3.7640872724908285, 13.495732027807374, 14.85898539833687, 10.04927897003058, 11.324153365147724, 39.74180920049808, 8.071724827460649, 43.047283115613, 6.697288323241343, 27.312183113446103, 5.467877214535413, 17.674574151263368, 13.898869325303275, 34.409762085097775, 13.371219622416453, 8.44902958575468, 19.436070476946476, 9.858167535926711, 7.1245831469574155, 26.22752708605305, 14.395877048887593, 14.291787883056958, 21.36683092110704, 30.920914179423427, 7.731472596052155, 10.784631126721894, 7.80194521802134, 9.613019642543147, 17.190845816160856, 7.3788955999882235, 7.784882576162528, 6.053128567938153, 13.540865170755898, 13.645629838878705, 20.337853500111397, 12.375407156313702, 7.101698173167473, 25.49154467546891, 44.23821177036855, 9.509813476722147, 11.354799798008935, 9.091633842998522, 15.572051170220925, 19.039544064401998, 11.486781015488102, 11.587769298792926, 7.281757642308188, 7.6066504138598035, 3.224185014116064, 3.9401581433995743, 8.64718687897429, 57.23151613248259, 8.954255719822857, 6.66998598111933, 5.644435919332415, 34.333782804754634, 8.283830690946653, 7.5508724388045225, 9.204600454178706, 11.020885454851932, 6.8927003596953345, 13.88461757862687, 9.632543082049068, 11.086277372201812, 7.231009089217497, 7.81567089799834, 10.691901076330288, 11.56815929868704, 12.331303863131845, 30.279453012323096, 8.491282940520765, 3.4428006917122986, 12.331443560853632, 14.239434930629931, 13.382435987495532, 14.451501107132561, 9.488484358429384, 7.214900308645616, 8.733545921354787, 10.292925010520218, 18.840465987671713, 12.487699284858717], "path_lengths": [1.844255791181309, 3.370383810462498, 3.2879826313878433, 2.329620836018508, 0.6796968842537984, 2.859279439365543, 3.106590439400321, 2.3495141309522003, 1.5803077499050806, 3.240098089671874, 3.597455554675323, 1.7682712397501092, 2.1672188228693114, 1.9981555709320609, 1.199263806064995, 2.491058761267354, 2.221371095714451, 2.1339071171717174, 1.0987890668468772, 2.2176680766061674, 3.87279137190598, 3.393495570837513, 2.15276833468056, 2.41919201658507, 2.9336798282620835, 3.038927352949762, 2.099917315441586, 2.890028319027495, 1.648384850937605, 2.514489724815877, 2.5515749507244125, 2.1363524058398187, 1.9394216711026822, 2.6143865988270933, 2.0857593157291885, 2.741576992655732, 1.938176464448246, 2.489352669307865, 2.687913186860462, 1.3392388415382837, 3.2215254757667617, 2.672247685322673, 1.9800267405739391, 2.1248648384452276, 2.4272072568585576, 2.3551645055408854, 2.6069786313663075, 2.9162991240997043, 1.7299901476887367, 1.9812100251029345, 2.2970409142123414, 1.7405128062373678, 0.9430399478786334, 2.6311880809116595, 1.9197309807543619, 2.707142090614623, 2.292458295437063, 2.653341002770315, 2.966417102849291, 2.6297577035543003, 1.503804158654644, 3.403475675062066, 0.9230188832841488, 1.5848132892995488, 2.7445274136024125, 2.754808016250793, 0.717888638336159, 1.6711347075380594, 2.2007146581164485, 3.275500365171665, 2.252167639298336, 1.9811842535342876, 2.088165072004488, 3.31539989453291, 2.4229162682793106, 2.4384682509900544, 2.74405821720426, 2.76891527845589, 2.782100811152547, 3.5137828477846527, 2.2677212570278544, 3.244796992177526, 1.7913824146195076, 1.7807465793214354, 0.8225736992741849, 3.20503540030242, 2.7796966416948807, 1.7623769155934947, 2.3702522905196295, 0.4361454306964848, 1.8527690128265202, 3.350489125978382, 2.2107564450630375, 2.2461674616965146, 2.6977746166574343, 2.359850015554136, 2.080888445565622, 2.8780315779855306, 3.361062836960231, 3.136583795730747], "episode_rewards": [10.0, 10.0, 10.0, 10.0, 10.0, 9.044859774394524, 10.0, 10.0, 10.0, 8.850644686891805, 10.0, -0.7076824533143105, 10.0, 10.0, 10.0, 10.0, 10.0, 10.0, 10.0, 8.988378593816824, 9.936303668919734, 10.0, 10.0, 10.0, 10.0, 9.492807165947792, 10.0, 9.891581999648407, 10.0, 9.999803829555226, 10.0, 10.0, 9.1507068427346, 10.0, 10.0, 8.345678718254401, 10.0, 10.0, 10.0, 10.0, 10.0, 9.955219158982729, 10.0, 10.0, 10.0, 10.0, 10.0, 10.0, 10.0, 10.0, 10.0, 10.0, 10, 10.0, 10.0, 10.0, 10.0, 10.0, 10.0, 10.0, 10.0, 8.923173692076796, 0.0, 10.0, 10.0, 9.21449343145721, 0.0, -10.442780091098701, 10.0, 9.818484976381162, 10.0, 10.0, 9.103712010511742, 10.0, 8.525320158423416, 9.980651878678371, 10.0, 10.0, 10.0, 8.859903781398026, 10.0, 8.961153465296299, 10.0, 10.0, -10.683457187911317, 10.0, 9.701176210811175, 10.0, -1.3715772194213252, 0.0, -11.15801896768719, 10.0, 9.88405963420626, 10.0, 8.936452084612979, 9.98495718311022, 10.0, 10.0, 10.0, 9.243704659605706], "wnum_rews": [0.0, 0.0, 0.0, 0.0, 0.0, 0.0, 0.0, 0.0, 0.0, 0.0, 0.0, 0.0, 0.0, 0.0, 0.0, 0.0, 0.0, 0.0, 0.0, 0.0, 0.0, 0.0, 0.0, 0.0, 0.0, 0.0, 0.0, 0.0, 0.0, 0.0, 0.0, 0.0, 0.0, 0.0, 0.0, 0.0, 0.0, 0.0, 0.0, 0.0, 0.0, 0.0, 0.0, 0.0, 0.0, 0.0, 0.0, 0.0, 0.0, 0.0, 0.0, 0.0, 0.0, 0.0, 0.0, 0.0, 0.0, 0.0, 0.0, 0.0, 0.0, 0.0, 0.0, 0.0, 0.0, 0.0, 0.0, 0.0, 0.0, 0.0, 0.0, 0.0, 0.0, 0.0, 0.0, 0.0, 0.0, 0.0, 0.0, 0.0, 0.0, 0.0, 0.0, 0.0, 0.0, 0.0, 0.0, 0.0, 0.0, 0.0, 0.0, 0.0, 0.0, 0.0, 0.0, 0.0, 0.0, 0.0, 0.0, 0.0], "w_pers": [NaN, NaN, NaN, NaN, NaN, NaN, NaN, NaN, NaN, NaN, NaN, NaN, NaN, NaN, NaN, NaN, NaN, NaN, NaN, NaN, NaN, NaN, NaN, NaN, NaN, NaN, NaN, NaN, NaN, NaN, NaN, NaN, NaN, NaN, NaN, NaN, NaN, NaN, NaN, NaN, NaN, NaN, NaN, NaN, NaN, NaN, NaN, NaN, NaN, NaN, NaN, NaN, NaN, NaN, NaN, NaN, NaN, NaN, NaN, NaN, NaN, NaN, NaN, NaN, NaN, NaN, NaN, NaN, NaN, NaN, NaN, NaN, NaN, NaN, NaN, NaN, NaN, NaN, NaN, NaN, NaN, NaN, NaN, NaN, NaN, NaN, NaN, NaN, NaN, NaN, NaN, NaN, NaN, NaN, NaN, NaN, NaN, NaN, NaN, NaN],