{"chc_total": [5.733406592801372, 11.388273369263002, 7.46128255227576, 7.068583470577036, 11.152653920243768, 9.974556675147593, 6.754424205218056, 18.535396656179785, 4.633849164044945, 9.974556675147593, 24.740042147019626, 7.853981633974483, 4.005530633326986, 3.9269908169872414, 5.340707511102648, 5.497787143782138, 12.01659189998096, 12.409290981679684, 32.12278488295564, 16.807520696705396, 20.34181243199391, 13.194689145077131, 5.105088062083415, 10.838494654884787, 8.325220532012953, 13.508848410436107, 14.92256510455152, 21.755529126109316, 5.969026041820608, 15.001104920891262, 7.46128255227576, 10.21017612416683, 5.419247327442394, 5.262167694762903, 6.754424205218056, 12.330751165339938, 6.675884388878312, 10.053096491487338, 12.095131716320704, 7.77544181763474, 15.707963267948966, 6.8329640215578, 12.330751165339938, 5.576326960121884, 5.576326960121884, 4.5553093477052, 26.153758841135023, 6.440264939859079, 7.461282552275759, 6.283185307179588, 5.811946409141116, 6.204645490839842, 10.602875205865555, 19.16371518689774, 4.084070449666731, 15.236724369910496, 6.597344572538567, 9.032078879070657, 6.518804756198823, 5.419247327442393, 9.73893722612836, 16.807520696705396, 18.9280957378785, 5.654866776461627, 6.754424205218055, 5.18362787842316, 15.00110492089126, 7.775441817634738, 10.759954838545044, 16.964600329384883, 13.430308594096369, 7.225663103256525, 11.466813185602742, 10.75995483854504, 10.917034471224529, 4.241150082346222, 6.597344572538569, 7.853981633974485, 6.126105674500098, 12.330751165339937, 8.246680715673206, 11.388273369262997, 4.712388980384691, 4.476769531365457, 7.304202919596271, 10.524335389525806, 12.880529879718154, 17.592918860102845, 6.754424205218055, 15.07964473723101, 10.995574287564274, 22.462387473167016, 6.518804756198821, 6.754424205218056, 6.283185307179588, 10.759954838545038, 3.141592653589793, 5.340707511102648, 20.184732799314425, 15.707963267948966], "path_lengths": [1.9680000000000013, 3.4088478652977185, 3.3288563966323124, 2.3200000000000016, 1.8278412464539737, 2.883049981583682, 3.216000000000002, 2.366470293297438, 1.6274117803791632, 3.408939808639804, 3.707943693645974, 2.85106704425287, 2.139411780379164, 2.0480000000000014, 1.2320000000000004, 2.5120000000000013, 2.299411780379164, 2.240000000000002, 2.6858197754056667, 2.2720000000000016, 2.3766620060982273, 3.483761441143268, 2.2400000000000015, 2.512000000000002, 3.0354117803791643, 3.2041726269726056, 2.112000000000001, 2.8845711569516523, 1.691411780379163, 2.6087907809886186, 2.5286741441296057, 2.176000000000001, 1.9908235607583251, 2.6720000000000015, 2.203411780379163, 2.9674465168803676, 2.064000000000001, 2.5760000000000023, 2.811411780379164, 1.8849576492640612, 3.3142353411374885, 2.672000000000002, 2.030478824632031, 2.1501340885057374, 2.4640000000000013, 2.448000000000002, 2.7322596456768804, 3.164957649264062, 1.760000000000001, 2.0800000000000014, 2.4000000000000012, 1.7760000000000011, 2.573916322395751, 3.0146660017725475, 2.0160000000000013, 2.7610589018958116, 2.3336471215166497, 2.713058901895812, 3.102470293297438, 2.6880000000000015, 1.5360000000000003, 3.3143690406656896, 2.620485456188402, 1.648000000000001, 2.9203208766687183, 2.784000000000002, 1.940949531483263, 2.7249711052364654, 2.486923134948151, 3.3951169151684013, 2.2994117803791636, 2.016000000000001, 2.6522828805970238, 3.4689491179294683, 2.6042093581561714, 2.455655263873708, 2.811570173424293, 2.8160000000000025, 2.848000000000002, 3.6473019964128213, 2.5744702932974377, 3.476646621870965, 1.8354117803791639, 1.8400000000000012, 1.6229487289519315, 3.2934563376793506, 3.1794279425614986, 1.8180575293909154, 3.1253943287324417, 0.9860945246800801, 2.3565796882862458, 3.5549856838810157, 2.3040000000000016, 2.3520000000000016, 2.8144788246320323, 2.730032835873988, 2.1760000000000015, 2.9120000000000017, 3.4948235607583262, 3.137562031067235], "episode_rewards": [10.0, 10.0, 9.312735048224154, 10.0, 10.0, 9.134460847043176, 10.0, 10.0, 10.0, 8.76184771456755, 10.0, 8.446011061269566, 10.0, 10.0, 10.0, 10.0, 10.0, 10.0, 10.0, 9.141855689481234, -1.2169865691319424, 10.0, 10.0, 10.0, 10.0, 8.544456057968146, 10.0, 9.908358025998695, 10.0, 9.743750587136297, 10.0, 9.971976005472166, 9.343515034538134, 10.0, 10.0, 8.68592354461262, 10.0, 10.0, 10.0, 10.0, 9.752578802152975, 9.4960510586759, 10.0, 10.0, 10.0, 10.0, 10.0, 9.599122740026536, 10.0, 10.0, 10.0, 10.0, 10, 9.694055259234748, 10.0, 10.0, 10.0, 10.0, 9.289499824716486, 10.0, 10.0, 10.0, 8.927867231822308, 9.858011264452026, 9.798882427873345, 8.416460847669999, 10.0, 8.874256182074795, 10.0, 7.309674210163784, 9.771900621247301, 10.0, 2.450091232639977, 10.0, 8.786511366151261, 9.570883525828581, 10.0, 10.0, 10.0, 8.620075896486705, 9.227996420943203, 7.802088785197311, 10.0, 10.0, 10.0, 10.0, 8.972710526362683, 10.0, 9.66529372683308, 0.0, 9.3166917415754, 9.253584739365145, 9.394617850314978, 10.0, 8.626738595201468, 8.159997432059269, 10.0, 10.0, 10.0, 9.374124612817665], "wnum_rews": [0.0, 0.0, 0.0, 0.0, 0.0, 0.0, 0.0, 0.0, 0.0, 0.0, 0.0, 0.0, 0.0, 0.0, 0.0, 0.0, 0.0, 0.0, 0.0, 0.0, 0.0, 0.0, 0.0, 0.0, 0.0, 0.0, 0.0, 0.0, 0.0, 0.0, 0.0, 0.0, 0.0, 0.0, 0.0, 0.0, 0.0, 0.0, 0.0, 0.0, 0.0, 0.0, 0.0, 0.0, 0.0, 0.0, 0.0, 0.0, 0.0, 0.0, 0.0, 0.0, 0.0, 0.0, 0.0, 0.0, 0.0, 0.0, 0.0, 0.0, 0.0, 0.0, 0.0, 0.0, 0.0, 0.0, 0.0, 0.0, 0.0, 0.0, 0.0, 0.0, 0.0, 0.0, 0.0, 0.0, 0.0, 0.0, 0.0, 0.0, 0.0, 0.0, 0.0, 0.0, 0.0, 0.0, 0.0, 0.0, 0.0, 0.0, 0.0, 0.0, 0.0, 0.0, 0.0, 0.0, 0.0, 0.0, 0.0, 0.0], "w_pers": [NaN, NaN, NaN, NaN, NaN, NaN, NaN, NaN, NaN, NaN, NaN, NaN, NaN, NaN, NaN, NaN, NaN, NaN, NaN, NaN, NaN, NaN, NaN, NaN, NaN, NaN, NaN, NaN, NaN, NaN, NaN, NaN, NaN, NaN, NaN, NaN, NaN, NaN, NaN, NaN, NaN, NaN, NaN, NaN, NaN, NaN, NaN, NaN, NaN, NaN, NaN, NaN, NaN, NaN, NaN, NaN, NaN, NaN, NaN, NaN, NaN, NaN, NaN, NaN, NaN, NaN, NaN, NaN, NaN, NaN, NaN, NaN, NaN, NaN, NaN, NaN, NaN, NaN, NaN, NaN, NaN, NaN, NaN, NaN, NaN, NaN, NaN, NaN, NaN, NaN, NaN, NaN, NaN, NaN, NaN, NaN, NaN, NaN, NaN, NaN],