{"chc_total": [29.922279356983033, 41.85518671029673, 9.662747250536086, 11.072870108310102, 11.355373936947782, 12.873818064758883, 9.702568306333799, 29.980983677888663, 5.918152607182927, 10.371191877532578, 10.600130304266928, 12.584696997156943, 10.338529426552022, 12.490001560035296, 6.687604583538399, 9.468839746128207, 12.093468839159522, 7.647423036489846, 13.822618281963898, 23.045332775514687, 20.453697011477097, 21.737102205569315, 9.980937179402297, 33.17411090992098, 8.012689585941375, 34.872843921445536, 8.759687233033613, 22.41283817871887, 5.691663426844258, 18.920123408483683, 14.640747243220648, 33.525741614107794, 31.335284850833553, 8.05946964513166, 24.86310499775035, 23.83640811201619, 8.66184571449601, 25.49492132047215, 11.844926304443648, 19.427673190431967, 26.161536418453984, 32.60513054621415, 11.146238361848479, 9.640231951023505, 8.4384774046397, 9.015788208346796, 16.21191742514134, 8.447830796548633, 11.001524980018258, 7.017642201580818, 14.304854138667405, 27.48550689994904, 24.69583652968612, 13.211911515343335, 6.919527610322357, 24.35473958167966, 44.901746031015094, 14.243028684517222, 12.994048983277688, 7.895113118622021, 11.416967873799372, 34.14820004730422, 30.943651027545815, 11.209749128614305, 8.868801156198774, 10.798517934974065, 18.990499942636042, 8.871801856248629, 9.300961978052618, 81.35002369866501, 8.771639494320365, 7.467143044885367, 7.2961748929111305, 16.572025858381068, 9.191395663157044, 7.01354339510627, 12.984212302531777, 9.884124979018287, 11.14595190985958, 26.43875965547752, 9.645891851347823, 11.922710594937294, 10.805095247413252, 7.813333206950179, 33.48784208752816, 30.84732657773863, 9.589146686823145, 39.43365510505879, 25.2093378193937, 9.199223346213873, 30.063098083552955, 14.471687137829136, 15.270594911568292, 15.282327146767994, 9.274054533627634, 9.887352417063914, 6.97932929649664, 16.139672194020072, 32.647134611683704, 17.884349651630227], "path_lengths": [1.8283680416043098, 3.420857846097686, 3.3383955180428417, 2.3087260373248393, 1.7705370151302648, 2.9279463048685495, 3.0790317074220988, 2.3502362064024425, 1.5777016002643363, 3.25679119667191, 3.6058234056558134, 2.7839046326084724, 2.18052345967977, 2.008499576815086, 1.1925738900862304, 2.4632356473687933, 2.2128100437124267, 2.1221989281677622, 1.8927003712816064, 2.2352286821333704, 3.862518583780754, 3.4737169958121483, 2.1502401558318835, 2.421728059963614, 2.9404353578123565, 3.0798136341715723, 2.0865064224293883, 2.9362895066492074, 1.670782860829108, 2.5320589923516965, 2.5559156911760725, 2.126573659309613, 1.9908018048557992, 2.6066626256460075, 2.1013343421429727, 2.788114111302171, 1.9485449919203142, 2.4942705912313725, 2.699450669046581, 1.8860390231834856, 3.2178774180425975, 2.6928350028516106, 2.0018914983462905, 2.1121390148735757, 2.433870960025642, 2.3712259616930513, 2.6035826686094894, 2.930199194746419, 1.745830510910467, 1.977897643788077, 2.28563360444229, 1.7094520863660307, 2.390544653457237, 2.67676095078166, 1.9219451165176622, 2.7547106200171507, 2.2923055311509417, 2.6600116904818014, 2.9770330429249396, 2.636713215811894, 1.4995852876149198, 3.4509120868416496, 2.3143642475552553, 1.5700011942521035, 2.756270801323722, 2.7661810537021383, 1.816140723816008, 2.666013009722694, 2.18904122780144, 3.2891912431370516, 2.2351386044690074, 1.9830401799979707, 2.0691819467378814, 3.336326065238662, 2.4769161880813018, 2.446918397877987, 2.7345811716249897, 2.7624180974251566, 2.741744009147701, 3.561946690246161, 2.2601157687945737, 3.260354345886932, 1.7975483047882128, 1.7785449986902298, 1.6422524262828582, 3.330616053005204, 2.8043214595951382, 1.7856108270344293, 3.0904186334015677, 2.331442593552863, 2.297336308884709, 3.3764697078186954, 2.2104737474655365, 2.2422415956377333, 2.717639622681888, 2.3532800559964224, 2.1092572141330863, 2.933973128487544, 3.369926042970575, 3.09665547081115], "episode_rewards": [10.0, 10.0, 10.0, 10.0, 10.0, 9.75968284216959, 10.0, 10.0, 10.0, 9.75505043244953, 10.0, 9.34884718550564, 10.0, 10.0, 10.0, 10.0, 10.0, 10.0, 10.0, 9.749148935060594, 10.0, 10.0, 10.0, 10.0, 10.0, 9.80325944316949, 10.0, 10.0, 10.0, 10.0, 10.0, 10.0, 9.910640156146549, 10.0, 10.0, 10.0, 10.0, 10.0, 10.0, 10.0, 10.0, 10.0, 10.0, 10.0, 10.0, 10.0, 10.0, 10.0, 10.0, 10.0, 10.0, 10.0, 10, 10.0, 10.0, 10.0, 10.0, 10.0, 10.0, 10.0, 10.0, 9.126582476524357, 9.334802778891484, 10.0, 10.0, 9.711824438843548, 10.0, 9.135359905261518, 10.0, 10.0, 10.0, 10.0, 9.82916332501629, 10.0, 9.344295951531246, 10.0, 10.0, 10.0, 10.0, 9.672171223990915, 10.0, 9.77784103794151, 10.0, 10.0, 9.51590726177479, 9.062892165091881, 10.0, 10.0, 10.0, 10.0, 9.479193866594786, 10.0, 10.0, 10.0, 9.683630360770465, 10.0, 10.0, 10.0, 10.0, 9.69750788760541], "wnum_rews": [0.0, 0.0, 0.0, 0.0, 0.0, 0.0, 0.0, 0.0, 0.0, 0.0, 0.0, 0.0, 0.0, 0.0, 0.0, 0.0, 0.0, 0.0, 0.0, 0.0, 0.0, 0.0, 0.0, 0.0, 0.0, 0.0, 0.0, 0.0, 0.0, 0.0, 0.0, 0.0, 0.0, 0.0, 0.0, 0.0, 0.0, 0.0, 0.0, 0.0, 0.0, 0.0, 0.0, 0.0, 0.0, 0.0, 0.0, 0.0, 0.0, 0.0, 0.0, 0.0, 0.0, 0.0, 0.0, 0.0, 0.0, 0.0, 0.0, 0.0, 0.0, 0.0, 0.0, 0.0, 0.0, 0.0, 0.0, 0.0, 0.0, 0.0, 0.0, 0.0, 0.0, 0.0, 0.0, 0.0, 0.0, 0.0, 0.0, 0.0, 0.0, 0.0, 0.0, 0.0, 0.0, 0.0, 0.0, 0.0, 0.0, 0.0, 0.0, 0.0, 0.0, 0.0, 0.0, 0.0, 0.0, 0.0, 0.0, 0.0], "w_pers": [NaN, NaN, NaN, NaN, NaN, NaN, NaN, NaN, NaN, NaN, NaN, NaN, NaN, NaN, NaN, NaN, NaN, NaN, NaN, NaN, NaN, NaN, NaN, NaN, NaN, NaN, NaN, NaN, NaN, NaN, NaN, NaN, NaN, NaN, NaN, NaN, NaN, NaN, NaN, NaN, NaN, NaN, NaN, NaN, NaN, NaN, NaN, NaN, NaN, NaN, NaN, NaN, NaN, NaN, NaN, NaN, NaN, NaN, NaN, NaN, NaN, NaN, NaN, NaN, NaN, NaN, NaN, NaN, NaN, NaN, NaN, NaN, NaN, NaN, NaN, NaN, NaN, NaN, NaN, NaN, NaN, NaN, NaN, NaN, NaN, NaN, NaN, NaN, NaN, NaN, NaN, NaN, NaN, NaN, NaN, NaN, NaN, NaN, NaN, NaN],